id,organizationId,name,headcount,healthScore,createdAt,updatedAt
608513f1-0dde-4227-ab3f-13865381afed,1a50d0f7-eedc-4f49-9ea1-3807bebd9947,Engineering,180,78.6,2025-11-17T20:33:44.197035,2025-11-17T20:33:44.197036
d7d41c03-3c0a-465b-991c-b59c064b53fa,1a50d0f7-eedc-4f49-9ea1-3807bebd9947,Product,153,80.8,2025-11-17T20:33:44.197046,2025-11-17T20:33:44.197047
1f436dfd-fea0-4fed-a6da-3754b2056395,1a50d0f7-eedc-4f49-9ea1-3807bebd9947,Design,123,81.4,2025-11-17T20:33:44.197060,2025-11-17T20:33:44.197061
8c802c61-3bef-4c64-8842-37a093ebd2f5,1a50d0f7-eedc-4f49-9ea1-3807bebd9947,Marketing,194,91.2,2025-11-17T20:33:44.197068,2025-11-17T20:33:44.197069
ed2e361d-08cf-4d89-8eb7-02052e17e7b4,1a50d0f7-eedc-4f49-9ea1-3807bebd9947,Sales,119,89.1,2025-11-17T20:33:44.197077,2025-11-17T20:33:44.197078
cf9519f5-92ec-45a6-90fa-06b83a4f0bed,1a50d0f7-eedc-4f49-9ea1-3807bebd9947,Customer Success,150,75.6,2025-11-17T20:33:44.197085,2025-11-17T20:33:44.197086
60230a8d-1608-434c-b149-8dbca9a7301c,1a50d0f7-eedc-4f49-9ea1-3807bebd9947,Operations,50,86.0,2025-11-17T20:33:44.197093,2025-11-17T20:33:44.197094
f720aefd-80f4-4741-983b-28e1a372a940,1a50d0f7-eedc-4f49-9ea1-3807bebd9947,Finance,131,75.8,2025-11-17T20:33:44.197106,2025-11-17T20:33:44.197107
007addd6-6e3d-4357-8aca-f05fdecdf24e,1a50d0f7-eedc-4f49-9ea1-3807bebd9947,HR,73,89.4,2025-11-17T20:33:44.197159,2025-11-17T20:33:44.197160
5bd79c11-1f6b-45c7-8e71-27911410fe55,1a50d0f7-eedc-4f49-9ea1-3807bebd9947,Legal,80,86.8,2025-11-17T20:33:44.197167,2025-11-17T20:33:44.197168
2b65c732-3462-4957-b7c8-df04ad88170e,14ce0afd-539f-4aef-b356-cb0d114c156f,Engineering,66,72.0,2025-11-17T20:33:44.222712,2025-11-17T20:33:44.222713
d1125ed2-4b6e-475a-b16c-aa78a8b4607d,14ce0afd-539f-4aef-b356-cb0d114c156f,Product,165,87.4,2025-11-17T20:33:44.222720,2025-11-17T20:33:44.222721
6bd3f985-057b-4a72-87a9-4387b805d88e,14ce0afd-539f-4aef-b356-cb0d114c156f,Design,104,63.6,2025-11-17T20:33:44.222730,2025-11-17T20:33:44.222731
4ae3f998-3edf-4620-8db7-f2b7f6c82a84,14ce0afd-539f-4aef-b356-cb0d114c156f,Marketing,139,63.7,2025-11-17T20:33:44.222748,2025-11-17T20:33:44.222748
3d143b47-9db1-43e5-956d-d15a1554f6a4,14ce0afd-539f-4aef-b356-cb0d114c156f,Sales,191,73.7,2025-11-17T20:33:44.222755,2025-11-17T20:33:44.222756
ef092f81-2633-4a9f-a599-3afa14634d69,14ce0afd-539f-4aef-b356-cb0d114c156f,Customer Success,103,60.9,2025-11-17T20:33:44.222764,2025-11-17T20:33:44.222765
39f1aba4-acce-415b-8a76-7c29e56325a3,14ce0afd-539f-4aef-b356-cb0d114c156f,Operations,175,77.1,2025-11-17T20:33:44.222776,2025-11-17T20:33:44.222776
46c72cab-d4e1-43e8-aab5-6bfc41e840d3,14ce0afd-539f-4aef-b356-cb0d114c156f,Finance,77,93.5,2025-11-17T20:33:44.222786,2025-11-17T20:33:44.222787
2687a487-35ad-4d02-ae8c-649735908af3,14ce0afd-539f-4aef-b356-cb0d114c156f,HR,153,71.4,2025-11-17T20:33:44.222794,2025-11-17T20:33:44.222795
3cfcd00a-3157-44b9-9d63-5f03ac0dc1c5,14ce0afd-539f-4aef-b356-cb0d114c156f,Legal,166,71.2,2025-11-17T20:33:44.222801,2025-11-17T20:33:44.222802
bf800f41-294a-4922-ad03-094b7dc69e1c,73b8f40c-8497-4466-9fa2-3e7d49686bf1,Engineering,120,64.4,2025-11-17T20:33:44.249948,2025-11-17T20:33:44.249949
507f3581-80de-4687-8046-0f1a47ceaa3c,73b8f40c-8497-4466-9fa2-3e7d49686bf1,Product,84,70.5,2025-11-17T20:33:44.249954,2025-11-17T20:33:44.249955
2cf41850-8ade-4fb4-a709-a531a42c12ba,73b8f40c-8497-4466-9fa2-3e7d49686bf1,Design,137,62.1,2025-11-17T20:33:44.249961,2025-11-17T20:33:44.249962
d898975b-4b5d-4fbd-82fc-00e3289d928d,73b8f40c-8497-4466-9fa2-3e7d49686bf1,Marketing,76,79.7,2025-11-17T20:33:44.249971,2025-11-17T20:33:44.249972
d83702fe-9329-4504-8bf1-4f507240da2d,73b8f40c-8497-4466-9fa2-3e7d49686bf1,Sales,116,76.5,2025-11-17T20:33:44.249977,2025-11-17T20:33:44.249978
97b67d92-dd65-4c1a-be88-716d3ba73879,73b8f40c-8497-4466-9fa2-3e7d49686bf1,Customer Success,39,88.2,2025-11-17T20:33:44.249984,2025-11-17T20:33:44.249985
4b4d3ab8-3e7a-4463-b6bd-3ba5adcbf9b4,73b8f40c-8497-4466-9fa2-3e7d49686bf1,Operations,40,77.6,2025-11-17T20:33:44.249995,2025-11-17T20:33:44.249996
ed9833a4-9ad8-4500-9b95-f593af1df8b7,73b8f40c-8497-4466-9fa2-3e7d49686bf1,Finance,129,87.3,2025-11-17T20:33:44.250001,2025-11-17T20:33:44.250002
3d097663-7d8f-4523-9524-b64d0954b04a,73b8f40c-8497-4466-9fa2-3e7d49686bf1,HR,69,68.5,2025-11-17T20:33:44.250010,2025-11-17T20:33:44.250011
8ed548ee-64a6-4b8d-8b3e-d0615a663ef7,73b8f40c-8497-4466-9fa2-3e7d49686bf1,Legal,93,76.2,2025-11-17T20:33:44.250021,2025-11-17T20:33:44.250022
dddc067c-99a3-459a-8d83-52ca0a07ecb8,16515368-eaa7-4613-9890-9e32f0aeb2ba,Engineering,126,79.1,2025-11-17T20:33:44.259500,2025-11-17T20:33:44.259501
c2d3babd-057a-4cfb-9f5e-2261710aa924,16515368-eaa7-4613-9890-9e32f0aeb2ba,Product,24,76.6,2025-11-17T20:33:44.259508,2025-11-17T20:33:44.259509
f0a0a493-f3bc-41db-b6a7-72a906f0d01f,16515368-eaa7-4613-9890-9e32f0aeb2ba,Design,171,89.1,2025-11-17T20:33:44.259515,2025-11-17T20:33:44.259516
6bdd00d2-e37b-4b26-b83d-b1e12d767e64,16515368-eaa7-4613-9890-9e32f0aeb2ba,Marketing,156,66.1,2025-11-17T20:33:44.259523,2025-11-17T20:33:44.259524
bf2bbb81-a72f-453d-824a-4b93fe4a3d83,16515368-eaa7-4613-9890-9e32f0aeb2ba,Sales,79,86.4,2025-11-17T20:33:44.259536,2025-11-17T20:33:44.259537
85d1e0e9-ca8b-47a1-b9e9-240c075f3592,16515368-eaa7-4613-9890-9e32f0aeb2ba,Customer Success,65,74.0,2025-11-17T20:33:44.259544,2025-11-17T20:33:44.259545
f753b347-794b-412d-8e77-1e44c858b1d1,16515368-eaa7-4613-9890-9e32f0aeb2ba,Operations,163,89.3,2025-11-17T20:33:44.259552,2025-11-17T20:33:44.259553
aa8c3785-3b01-4ccc-9eff-ec1db18acb74,16515368-eaa7-4613-9890-9e32f0aeb2ba,Finance,71,76.7,2025-11-17T20:33:44.259562,2025-11-17T20:33:44.259563
070793e5-844e-4fd1-b93a-4922cbc197e6,16515368-eaa7-4613-9890-9e32f0aeb2ba,HR,99,72.6,2025-11-17T20:33:44.259570,2025-11-17T20:33:44.259571
fec80701-820d-456d-9ca0-9d316bc267dc,16515368-eaa7-4613-9890-9e32f0aeb2ba,Legal,173,82.7,2025-11-17T20:33:44.259582,2025-11-17T20:33:44.259583
ed221d2d-5da9-40e9-a7b5-45ecd4d22dce,497bcb7e-9da5-40e5-8031-e847512b8e93,Engineering,156,79.5,2025-11-17T20:33:44.287554,2025-11-17T20:33:44.287555
df147218-9f32-4c6d-b172-cd7e09c7ef54,497bcb7e-9da5-40e5-8031-e847512b8e93,Product,128,69.4,2025-11-17T20:33:44.287567,2025-11-17T20:33:44.287567
fe58c055-7717-4c70-83b4-0d5026d34882,497bcb7e-9da5-40e5-8031-e847512b8e93,Design,15,72.3,2025-11-17T20:33:44.287574,2025-11-17T20:33:44.287575
0c26730e-8f0d-4b9a-adb2-ebe17f7f7389,497bcb7e-9da5-40e5-8031-e847512b8e93,Marketing,79,62.7,2025-11-17T20:33:44.287586,2025-11-17T20:33:44.287587
e1bfb7f9-fa28-4463-8a96-9efb2e8ab6d1,497bcb7e-9da5-40e5-8031-e847512b8e93,Sales,26,80.4,2025-11-17T20:33:44.287602,2025-11-17T20:33:44.287603
4bdb1cf2-1d7a-4512-809d-640f11fe8c8f,497bcb7e-9da5-40e5-8031-e847512b8e93,Customer Success,159,80.4,2025-11-17T20:33:44.287612,2025-11-17T20:33:44.287613
026de00c-e13d-498b-90d9-9f1b39409d7d,497bcb7e-9da5-40e5-8031-e847512b8e93,Operations,193,91.1,2025-11-17T20:33:44.287618,2025-11-17T20:33:44.287619
8325c168-f3d2-4c7f-836d-a6e2b07cd207,497bcb7e-9da5-40e5-8031-e847512b8e93,Finance,164,78.7,2025-11-17T20:33:44.287624,2025-11-17T20:33:44.287625
c6b40e35-c194-4edb-aeb1-e5c3dc78b157,497bcb7e-9da5-40e5-8031-e847512b8e93,HR,91,83.0,2025-11-17T20:33:44.287631,2025-11-17T20:33:44.287631
b88cd83e-000e-46c0-b3de-707cd36ee699,497bcb7e-9da5-40e5-8031-e847512b8e93,Legal,41,89.6,2025-11-17T20:33:44.287637,2025-11-17T20:33:44.287638
92b3361e-178f-435a-a450-2b7c88976813,6031510e-9ab6-4a91-8041-36d78c7abedb,Engineering,145,77.4,2025-11-17T20:33:44.310827,2025-11-17T20:33:44.310829
3503d846-39e2-4c80-b1e7-f07854dcd2a3,6031510e-9ab6-4a91-8041-36d78c7abedb,Product,148,63.5,2025-11-17T20:33:44.310839,2025-11-17T20:33:44.310840
eb6ba051-7ed3-4d52-ba81-ac67fe3bb9d6,6031510e-9ab6-4a91-8041-36d78c7abedb,Design,131,68.3,2025-11-17T20:33:44.310847,2025-11-17T20:33:44.310847
b024d5f8-9a90-43c7-aa9c-e27d9e4598b5,6031510e-9ab6-4a91-8041-36d78c7abedb,Marketing,38,77.8,2025-11-17T20:33:44.310858,2025-11-17T20:33:44.310859
cd934c76-c239-4c94-8ec9-945317e0956c,6031510e-9ab6-4a91-8041-36d78c7abedb,Sales,144,71.8,2025-11-17T20:33:44.310866,2025-11-17T20:33:44.310866
ae0d1b7c-2393-4962-8c2b-659c9b5fd75c,6031510e-9ab6-4a91-8041-36d78c7abedb,Customer Success,97,65.2,2025-11-17T20:33:44.310881,2025-11-17T20:33:44.310884
d4f832e0-6c63-405d-8a5b-a79509a624a3,6031510e-9ab6-4a91-8041-36d78c7abedb,Operations,103,65.6,2025-11-17T20:33:44.310896,2025-11-17T20:33:44.310897
525f36dc-9d83-46ab-a364-8a58c7c80f06,6031510e-9ab6-4a91-8041-36d78c7abedb,Finance,39,73.7,2025-11-17T20:33:44.310906,2025-11-17T20:33:44.310907
737f0369-f517-4a69-a2b5-db2ae31b49ff,6031510e-9ab6-4a91-8041-36d78c7abedb,HR,52,82.7,2025-11-17T20:33:44.310918,2025-11-17T20:33:44.310919
bdd9ef21-28df-4712-a401-c4ef847dbf17,6031510e-9ab6-4a91-8041-36d78c7abedb,Legal,187,94.0,2025-11-17T20:33:44.310930,2025-11-17T20:33:44.310931
e59bc61e-74fb-47bc-9a58-9e05dfeebe86,09713e14-8a54-474e-a48a-64a44426ede0,Engineering,86,92.3,2025-11-17T20:33:44.321318,2025-11-17T20:33:44.321319
b6a04cf0-db05-4de3-9d8f-57c3cec377a2,09713e14-8a54-474e-a48a-64a44426ede0,Product,81,67.7,2025-11-17T20:33:44.321328,2025-11-17T20:33:44.321329
4ff09f47-abd4-4e63-be37-28a16b2655d9,09713e14-8a54-474e-a48a-64a44426ede0,Design,35,63.7,2025-11-17T20:33:44.321339,2025-11-17T20:33:44.321340
3f718fe3-56f6-4544-8897-c92f947db386,09713e14-8a54-474e-a48a-64a44426ede0,Marketing,27,81.9,2025-11-17T20:33:44.321348,2025-11-17T20:33:44.321349
18589206-95c7-4d38-8468-83b1503c4301,09713e14-8a54-474e-a48a-64a44426ede0,Sales,119,77.0,2025-11-17T20:33:44.321358,2025-11-17T20:33:44.321359
15d21f76-120e-4577-b629-359d0edce5de,09713e14-8a54-474e-a48a-64a44426ede0,Customer Success,98,91.0,2025-11-17T20:33:44.321375,2025-11-17T20:33:44.321376
ec06eb66-29da-4297-a51a-7f9b608c3080,09713e14-8a54-474e-a48a-64a44426ede0,Operations,45,84.0,2025-11-17T20:33:44.321387,2025-11-17T20:33:44.321387
53b71137-6ccc-4d06-84a9-070c93c51d1d,09713e14-8a54-474e-a48a-64a44426ede0,Finance,24,76.6,2025-11-17T20:33:44.321394,2025-11-17T20:33:44.321395
f7ca9f18-c940-49aa-bcfd-252b75ff82ee,09713e14-8a54-474e-a48a-64a44426ede0,HR,72,93.1,2025-11-17T20:33:44.321402,2025-11-17T20:33:44.321403
8a4c8988-1213-4987-ad0d-641a679f8f8e,09713e14-8a54-474e-a48a-64a44426ede0,Legal,60,72.4,2025-11-17T20:33:44.321409,2025-11-17T20:33:44.321410
a5810941-47c4-483b-aede-ed7261d7d271,4ed7866c-d31b-42aa-8b74-5094e869c4d3,Engineering,198,90.6,2025-11-17T20:33:44.350242,2025-11-17T20:33:44.350243
d0fdd896-8a4c-4e2b-8a6b-de084e11e3f3,4ed7866c-d31b-42aa-8b74-5094e869c4d3,Product,30,74.0,2025-11-17T20:33:44.350249,2025-11-17T20:33:44.350250
53f6232a-8455-4ace-8076-833f8b114f74,4ed7866c-d31b-42aa-8b74-5094e869c4d3,Design,88,87.7,2025-11-17T20:33:44.350262,2025-11-17T20:33:44.350263
17401624-8e11-419a-95ee-066a7c05d2b1,4ed7866c-d31b-42aa-8b74-5094e869c4d3,Marketing,159,61.4,2025-11-17T20:33:44.350268,2025-11-17T20:33:44.350269
9ea6630d-e1a2-4389-9e08-1dc354c08f7e,4ed7866c-d31b-42aa-8b74-5094e869c4d3,Sales,153,82.7,2025-11-17T20:33:44.350282,2025-11-17T20:33:44.350283
e1265efb-7567-4ba4-a90f-99e2e1e695fa,4ed7866c-d31b-42aa-8b74-5094e869c4d3,Customer Success,160,90.9,2025-11-17T20:33:44.350291,2025-11-17T20:33:44.350292
a3770f11-df43-4956-ac87-0d72c30df3b9,4ed7866c-d31b-42aa-8b74-5094e869c4d3,Operations,117,89.6,2025-11-17T20:33:44.350298,2025-11-17T20:33:44.350298
cef534e5-a850-4b45-898f-43fc7e66ca97,4ed7866c-d31b-42aa-8b74-5094e869c4d3,Finance,23,61.3,2025-11-17T20:33:44.350304,2025-11-17T20:33:44.350305
3fe1da2f-9e01-4ed4-a29f-c70c396108be,4ed7866c-d31b-42aa-8b74-5094e869c4d3,HR,169,79.7,2025-11-17T20:33:44.350310,2025-11-17T20:33:44.350311
2101dc40-d44c-49d7-8f50-d3c03234eda3,4ed7866c-d31b-42aa-8b74-5094e869c4d3,Legal,26,72.7,2025-11-17T20:33:44.350327,2025-11-17T20:33:44.350328
bad3da12-62c7-46a2-a63c-856b8cb12ab3,543ad69e-2c6c-47b8-b2c1-b4a2238a5985,Engineering,85,76.5,2025-11-17T20:33:44.379327,2025-11-17T20:33:44.379328
e20c3c23-b28b-41f0-a48e-cbe1bc40cd15,543ad69e-2c6c-47b8-b2c1-b4a2238a5985,Product,167,81.5,2025-11-17T20:33:44.379335,2025-11-17T20:33:44.379336
70ccfe01-7895-465f-b91a-fc5eab665e00,543ad69e-2c6c-47b8-b2c1-b4a2238a5985,Design,121,95.0,2025-11-17T20:33:44.379350,2025-11-17T20:33:44.379351
b34c13eb-af28-4cf3-8777-725ff5acb088,543ad69e-2c6c-47b8-b2c1-b4a2238a5985,Marketing,195,77.1,2025-11-17T20:33:44.379357,2025-11-17T20:33:44.379358
495f2047-11b6-461e-ac74-1dc7e8297ee7,543ad69e-2c6c-47b8-b2c1-b4a2238a5985,Sales,192,60.1,2025-11-17T20:33:44.379364,2025-11-17T20:33:44.379365
66d8ad6a-e858-4947-9f37-17be214adc9c,543ad69e-2c6c-47b8-b2c1-b4a2238a5985,Customer Success,192,66.2,2025-11-17T20:33:44.379375,2025-11-17T20:33:44.379376
5c7dc213-48ad-4242-a1b6-97dbfd291e73,543ad69e-2c6c-47b8-b2c1-b4a2238a5985,Operations,155,67.4,2025-11-17T20:33:44.379387,2025-11-17T20:33:44.379388
5d9d246a-0d04-49b4-9d91-fbf01ce21672,543ad69e-2c6c-47b8-b2c1-b4a2238a5985,Finance,178,64.6,2025-11-17T20:33:44.379401,2025-11-17T20:33:44.379402
07c43579-2490-47a6-adcc-3185271b6fac,543ad69e-2c6c-47b8-b2c1-b4a2238a5985,HR,47,93.6,2025-11-17T20:33:44.379410,2025-11-17T20:33:44.379410
ccbc6a8d-b215-4157-87f6-a0d6221b0fc7,543ad69e-2c6c-47b8-b2c1-b4a2238a5985,Legal,169,81.8,2025-11-17T20:33:44.379420,2025-11-17T20:33:44.379421
f23efe58-f11d-4757-9680-3bc8d16e2fae,bc233657-babe-4732-b78f-26e216b55361,Engineering,130,85.4,2025-11-17T20:33:44.410300,2025-11-17T20:33:44.410302
96f4a579-05af-44ac-82e5-84db3a5c4bb2,bc233657-babe-4732-b78f-26e216b55361,Product,115,71.0,2025-11-17T20:33:44.410317,2025-11-17T20:33:44.410319
aa8382cb-dcbe-475e-aae2-5cd100398ce6,bc233657-babe-4732-b78f-26e216b55361,Design,22,82.2,2025-11-17T20:33:44.410329,2025-11-17T20:33:44.410330
134040c8-e74e-4e49-bbf0-ee5ca1373566,bc233657-babe-4732-b78f-26e216b55361,Marketing,67,90.4,2025-11-17T20:33:44.410337,2025-11-17T20:33:44.410338
23497c6a-d1ee-4c42-a36f-010c40b358db,bc233657-babe-4732-b78f-26e216b55361,Sales,139,78.8,2025-11-17T20:33:44.410344,2025-11-17T20:33:44.410345
ac9dd794-6300-4531-a8f0-74fc8ac4e923,bc233657-babe-4732-b78f-26e216b55361,Customer Success,28,72.7,2025-11-17T20:33:44.410355,2025-11-17T20:33:44.410356
d016c4e4-74f6-422e-9929-d87857c00c5c,bc233657-babe-4732-b78f-26e216b55361,Operations,42,83.2,2025-11-17T20:33:44.410362,2025-11-17T20:33:44.410363
593a3e84-9cd9-47b0-a457-bb79adb70b0f,bc233657-babe-4732-b78f-26e216b55361,Finance,61,93.7,2025-11-17T20:33:44.410374,2025-11-17T20:33:44.410375
56295ca0-b70c-470c-8b41-55d6d4b25465,bc233657-babe-4732-b78f-26e216b55361,HR,149,67.6,2025-11-17T20:33:44.410386,2025-11-17T20:33:44.410387
2633da6c-9456-41c0-9abd-f55f7a66a183,bc233657-babe-4732-b78f-26e216b55361,Legal,145,82.2,2025-11-17T20:33:44.410401,2025-11-17T20:33:44.410402
86b0a7af-7607-453e-9374-119fbd86e346,567c5c32-9f20-4cb6-9ef2-db2cc27266a5,Engineering,170,80.4,2025-11-17T20:33:44.443960,2025-11-17T20:33:44.443961
4152d4e1-bea6-4aa5-b15d-b5f9001a7ac3,567c5c32-9f20-4cb6-9ef2-db2cc27266a5,Product,58,86.9,2025-11-17T20:33:44.443968,2025-11-17T20:33:44.443969
39ffefd7-bdbc-41e1-a90c-bdcb90389958,567c5c32-9f20-4cb6-9ef2-db2cc27266a5,Design,120,82.9,2025-11-17T20:33:44.443977,2025-11-17T20:33:44.443979
a8a27bea-5e83-4802-b020-a211601fe222,567c5c32-9f20-4cb6-9ef2-db2cc27266a5,Marketing,135,69.3,2025-11-17T20:33:44.443992,2025-11-17T20:33:44.443993
3b7df199-194b-4150-ad91-8df7f721969f,567c5c32-9f20-4cb6-9ef2-db2cc27266a5,Sales,117,66.6,2025-11-17T20:33:44.444005,2025-11-17T20:33:44.444006
ebf661b9-23de-4f56-bd6d-4250d9545a53,567c5c32-9f20-4cb6-9ef2-db2cc27266a5,Customer Success,14,63.4,2025-11-17T20:33:44.444020,2025-11-17T20:33:44.444021
013bca28-5fdf-4f6b-8573-ea07021169ea,567c5c32-9f20-4cb6-9ef2-db2cc27266a5,Operations,89,61.1,2025-11-17T20:33:44.444032,2025-11-17T20:33:44.444033
cbbaa843-ef87-4cd0-8ec8-059a304939ff,567c5c32-9f20-4cb6-9ef2-db2cc27266a5,Finance,118,89.0,2025-11-17T20:33:44.444043,2025-11-17T20:33:44.444044
30e25605-7acc-483c-8046-e2336497dba7,567c5c32-9f20-4cb6-9ef2-db2cc27266a5,HR,144,60.3,2025-11-17T20:33:44.444054,2025-11-17T20:33:44.444055
c823ea2f-ed38-4050-9ebc-28f398cb7c6a,567c5c32-9f20-4cb6-9ef2-db2cc27266a5,Legal,125,75.6,2025-11-17T20:33:44.444063,2025-11-17T20:33:44.444064
7ce2b3a2-bc96-4469-ab25-c386af76d44e,f856ace8-12a1-4915-96b4-b915acb7f177,Engineering,110,61.0,2025-11-17T20:33:44.452977,2025-11-17T20:33:44.452978
f06e4393-c664-4536-818b-079281cc2c80,f856ace8-12a1-4915-96b4-b915acb7f177,Product,79,63.2,2025-11-17T20:33:44.452986,2025-11-17T20:33:44.452987
560e9f13-65a6-473f-80f4-b9082ef333d0,f856ace8-12a1-4915-96b4-b915acb7f177,Design,113,81.5,2025-11-17T20:33:44.452994,2025-11-17T20:33:44.452995
cc8aa86a-fd0b-46fd-87d8-370dc3cce48a,f856ace8-12a1-4915-96b4-b915acb7f177,Marketing,15,82.6,2025-11-17T20:33:44.453005,2025-11-17T20:33:44.453006
5b2bc483-d73c-4dbc-94f2-da0404b084ec,f856ace8-12a1-4915-96b4-b915acb7f177,Sales,54,76.0,2025-11-17T20:33:44.453017,2025-11-17T20:33:44.453018
1735214c-be5a-40be-80a2-8f964edbaae9,f856ace8-12a1-4915-96b4-b915acb7f177,Customer Success,45,77.6,2025-11-17T20:33:44.453039,2025-11-17T20:33:44.453040
5eb84767-aacd-4d40-bae2-be3798845fb2,f856ace8-12a1-4915-96b4-b915acb7f177,Operations,94,65.5,2025-11-17T20:33:44.453063,2025-11-17T20:33:44.453066
2b104fd8-b8e9-495e-9fd6-7f1fc5d14f20,f856ace8-12a1-4915-96b4-b915acb7f177,Finance,156,70.9,2025-11-17T20:33:44.453072,2025-11-17T20:33:44.453072
6ee05e30-d0dc-4709-ad18-9b1d26e152d4,f856ace8-12a1-4915-96b4-b915acb7f177,HR,199,77.6,2025-11-17T20:33:44.453084,2025-11-17T20:33:44.453084
2ca6d532-76ce-49fd-8528-11baff8e306d,f856ace8-12a1-4915-96b4-b915acb7f177,Legal,53,94.5,2025-11-17T20:33:44.453093,2025-11-17T20:33:44.453094
5f8b59f7-0677-4265-b492-0355e39aa7fa,271c5fe7-9739-419b-9031-53df2444ec52,Engineering,131,64.1,2025-11-17T20:33:44.471815,2025-11-17T20:33:44.471817
6d07076c-a38f-4e32-8452-f3251a85b2ce,271c5fe7-9739-419b-9031-53df2444ec52,Product,96,94.4,2025-11-17T20:33:44.471833,2025-11-17T20:33:44.471835
fc916d2e-2fdc-4f1b-bd13-262de323896a,271c5fe7-9739-419b-9031-53df2444ec52,Design,103,80.7,2025-11-17T20:33:44.471843,2025-11-17T20:33:44.471845
45e59243-c23e-44e0-9a81-fc8deff95526,271c5fe7-9739-419b-9031-53df2444ec52,Marketing,28,85.9,2025-11-17T20:33:44.471852,2025-11-17T20:33:44.471853
4e5fc066-1606-4839-bdda-bd896bb8f8ac,271c5fe7-9739-419b-9031-53df2444ec52,Sales,145,61.9,2025-11-17T20:33:44.471865,2025-11-17T20:33:44.471866
317eaca6-0839-4f42-b58d-e15e6c9bc7c1,271c5fe7-9739-419b-9031-53df2444ec52,Customer Success,114,63.6,2025-11-17T20:33:44.471880,2025-11-17T20:33:44.471882
2ebcb641-10f6-4ee8-8b70-74b06d6963b1,271c5fe7-9739-419b-9031-53df2444ec52,Operations,173,80.6,2025-11-17T20:33:44.471899,2025-11-17T20:33:44.471901
e0e5bbc8-b8bd-423b-a2d6-e3963e504eb7,271c5fe7-9739-419b-9031-53df2444ec52,Finance,19,71.0,2025-11-17T20:33:44.471915,2025-11-17T20:33:44.471917
f3dcd60b-ebd9-4caa-a88f-6e977f9d10f6,271c5fe7-9739-419b-9031-53df2444ec52,HR,74,68.2,2025-11-17T20:33:44.471931,2025-11-17T20:33:44.471932
3c52a94d-dac2-4547-9f2d-1fa4053ea3ad,271c5fe7-9739-419b-9031-53df2444ec52,Legal,54,67.3,2025-11-17T20:33:44.471943,2025-11-17T20:33:44.471945
08b908c4-661a-490e-97d7-311af9859544,06f99088-7e28-432c-b060-7420064cdb73,Engineering,191,82.5,2025-11-17T20:33:44.498828,2025-11-17T20:33:44.498829
a4e8ccca-5de9-4936-944f-c84ca4b96fa0,06f99088-7e28-432c-b060-7420064cdb73,Product,68,88.2,2025-11-17T20:33:44.498836,2025-11-17T20:33:44.498837
9ffe1d7e-67dc-463a-8121-930b0923db5b,06f99088-7e28-432c-b060-7420064cdb73,Design,75,66.3,2025-11-17T20:33:44.498844,2025-11-17T20:33:44.498845
e83c1c8e-9077-4835-94c9-08efd2ef1b9e,06f99088-7e28-432c-b060-7420064cdb73,Marketing,96,77.8,2025-11-17T20:33:44.498861,2025-11-17T20:33:44.498862
91834b93-da1f-40ec-ad2f-12a8c9f7102b,06f99088-7e28-432c-b060-7420064cdb73,Sales,71,65.7,2025-11-17T20:33:44.498869,2025-11-17T20:33:44.498870
e66f702a-79e0-4eb8-962f-46ba06517b98,06f99088-7e28-432c-b060-7420064cdb73,Customer Success,60,72.2,2025-11-17T20:33:44.498877,2025-11-17T20:33:44.498878
a74cedb8-bee4-4901-adc1-76606b13375f,06f99088-7e28-432c-b060-7420064cdb73,Operations,40,82.6,2025-11-17T20:33:44.498885,2025-11-17T20:33:44.498886
1f6faeba-5e70-47bc-a7ac-f01a21de9346,06f99088-7e28-432c-b060-7420064cdb73,Finance,100,83.1,2025-11-17T20:33:44.498896,2025-11-17T20:33:44.498897
a41b62fb-99ef-4416-8d24-94b73d1ed37d,06f99088-7e28-432c-b060-7420064cdb73,HR,102,87.8,2025-11-17T20:33:44.498903,2025-11-17T20:33:44.498904
17b0359d-1854-40c5-9369-651809a60c02,06f99088-7e28-432c-b060-7420064cdb73,Legal,115,63.0,2025-11-17T20:33:44.498909,2025-11-17T20:33:44.498910
61c2a561-5ac1-40d9-ab98-f595e7367748,f87be78c-30bd-4c50-b424-6bdf3a6902b1,Engineering,22,64.8,2025-11-17T20:33:44.542268,2025-11-17T20:33:44.542270
6b9fda9b-d5dd-4912-a10a-7edaec550b03,f87be78c-30bd-4c50-b424-6bdf3a6902b1,Product,85,87.0,2025-11-17T20:33:44.542285,2025-11-17T20:33:44.542286
08c436a8-34db-48f5-ab8e-3bfb662ed3dd,f87be78c-30bd-4c50-b424-6bdf3a6902b1,Design,116,81.5,2025-11-17T20:33:44.542295,2025-11-17T20:33:44.542297
18fdf206-49e8-4109-989d-a5120f832b24,f87be78c-30bd-4c50-b424-6bdf3a6902b1,Marketing,107,77.3,2025-11-17T20:33:44.542306,2025-11-17T20:33:44.542307
c2cf8e10-6e81-4f78-afc4-9458644a7576,f87be78c-30bd-4c50-b424-6bdf3a6902b1,Sales,156,83.8,2025-11-17T20:33:44.542316,2025-11-17T20:33:44.542318
7d1537ec-6df2-4904-a91a-7df167cb75c2,f87be78c-30bd-4c50-b424-6bdf3a6902b1,Customer Success,23,91.8,2025-11-17T20:33:44.542339,2025-11-17T20:33:44.542341
a08be0ea-015e-445d-95cf-617dd58a9acf,f87be78c-30bd-4c50-b424-6bdf3a6902b1,Operations,120,91.0,2025-11-17T20:33:44.542352,2025-11-17T20:33:44.542354
b38da761-4e9c-46e9-b641-db9a1eea3804,f87be78c-30bd-4c50-b424-6bdf3a6902b1,Finance,113,63.9,2025-11-17T20:33:44.542374,2025-11-17T20:33:44.542376
3a15750a-4765-4aa3-9048-ec2a44094a3f,f87be78c-30bd-4c50-b424-6bdf3a6902b1,HR,33,74.5,2025-11-17T20:33:44.542387,2025-11-17T20:33:44.542389
7e1abd17-ccd5-4641-a0eb-851ac7b2c138,f87be78c-30bd-4c50-b424-6bdf3a6902b1,Legal,95,68.0,2025-11-17T20:33:44.542407,2025-11-17T20:33:44.542409
e482478a-42ea-4aed-96b0-d9357e8cc53c,c37805f3-0cfa-4cf7-9328-d9b9514cfa0e,Engineering,104,92.3,2025-11-17T20:33:44.556954,2025-11-17T20:33:44.556960
ddf32dd2-374d-4d49-b2cd-5fee37695a9a,c37805f3-0cfa-4cf7-9328-d9b9514cfa0e,Product,69,80.8,2025-11-17T20:33:44.556968,2025-11-17T20:33:44.556969
5e8dea07-b729-433a-8d02-8964aaaabcff,c37805f3-0cfa-4cf7-9328-d9b9514cfa0e,Design,30,67.9,2025-11-17T20:33:44.556975,2025-11-17T20:33:44.556976
fc32267d-76a4-44dc-9e40-8f45bfb658bb,c37805f3-0cfa-4cf7-9328-d9b9514cfa0e,Marketing,139,64.4,2025-11-17T20:33:44.556981,2025-11-17T20:33:44.556982
353c27f9-d8ad-48a2-bc09-67074efeb4f5,c37805f3-0cfa-4cf7-9328-d9b9514cfa0e,Sales,11,63.9,2025-11-17T20:33:44.556988,2025-11-17T20:33:44.556988
41d98d0a-db8e-43a6-8ecd-d0230503c93e,c37805f3-0cfa-4cf7-9328-d9b9514cfa0e,Customer Success,60,84.5,2025-11-17T20:33:44.556997,2025-11-17T20:33:44.556998
83028cde-a0a6-46ca-8752-8febaad45d06,c37805f3-0cfa-4cf7-9328-d9b9514cfa0e,Operations,152,63.5,2025-11-17T20:33:44.557004,2025-11-17T20:33:44.557005
746cf26b-0f26-4ea5-a705-b3034a44f5d2,c37805f3-0cfa-4cf7-9328-d9b9514cfa0e,Finance,131,89.0,2025-11-17T20:33:44.557010,2025-11-17T20:33:44.557011
85d13d7d-073f-4220-b765-53e31d4f2e51,c37805f3-0cfa-4cf7-9328-d9b9514cfa0e,HR,60,82.1,2025-11-17T20:33:44.557019,2025-11-17T20:33:44.557020
32264dcd-a1fc-4a7d-9dd3-ad95adb36854,c37805f3-0cfa-4cf7-9328-d9b9514cfa0e,Legal,30,72.7,2025-11-17T20:33:44.557026,2025-11-17T20:33:44.557026
e6c7c003-0cd6-49d2-acbc-4992a030efaf,bcf20639-4502-44da-9159-c857efba54c0,Engineering,31,64.0,2025-11-17T20:33:44.568254,2025-11-17T20:33:44.568255
5cd985c5-ff38-4979-add0-5e41e54a14a9,bcf20639-4502-44da-9159-c857efba54c0,Product,99,72.3,2025-11-17T20:33:44.568262,2025-11-17T20:33:44.568263
dc82aff5-c9b6-4653-83f8-cab4e6774c35,bcf20639-4502-44da-9159-c857efba54c0,Design,169,65.3,2025-11-17T20:33:44.568274,2025-11-17T20:33:44.568275
a6422183-0c96-4715-8f03-adbc97309a79,bcf20639-4502-44da-9159-c857efba54c0,Marketing,174,87.1,2025-11-17T20:33:44.568281,2025-11-17T20:33:44.568282
3a096c58-b6fc-4d5d-9c63-9ee4bd7f5c2a,bcf20639-4502-44da-9159-c857efba54c0,Sales,133,63.0,2025-11-17T20:33:44.568288,2025-11-17T20:33:44.568289
6f3e790d-7560-4367-9b40-a5e8b727568d,bcf20639-4502-44da-9159-c857efba54c0,Customer Success,117,73.0,2025-11-17T20:33:44.568297,2025-11-17T20:33:44.568297
049faa89-6269-4fec-9c07-5b4f16568515,bcf20639-4502-44da-9159-c857efba54c0,Operations,126,87.3,2025-11-17T20:33:44.568304,2025-11-17T20:33:44.568305
d0c5af54-3215-4397-97ce-3f20fcc895ba,bcf20639-4502-44da-9159-c857efba54c0,Finance,24,93.4,2025-11-17T20:33:44.568320,2025-11-17T20:33:44.568321
ee31d932-7a33-4681-8f84-d6388282a6bb,bcf20639-4502-44da-9159-c857efba54c0,HR,63,85.3,2025-11-17T20:33:44.568326,2025-11-17T20:33:44.568327
dd27c295-6369-4b95-af5a-7d32355d3cfb,bcf20639-4502-44da-9159-c857efba54c0,Legal,172,74.9,2025-11-17T20:33:44.568339,2025-11-17T20:33:44.568340
4d945278-f51a-46b2-b46c-4814f9148a79,921471e5-440b-43b6-b0a8-66de633bd0f2,Engineering,51,72.6,2025-11-17T20:33:44.583668,2025-11-17T20:33:44.583669
a591cbaf-f54f-4891-9d16-477fb6fc38f8,921471e5-440b-43b6-b0a8-66de633bd0f2,Product,151,92.1,2025-11-17T20:33:44.583675,2025-11-17T20:33:44.583676
8aa31abf-6a3d-46cf-bd9a-aade62dabd3c,921471e5-440b-43b6-b0a8-66de633bd0f2,Design,108,79.3,2025-11-17T20:33:44.583683,2025-11-17T20:33:44.583683
ca8b8c4a-ac3b-4866-bb56-56dbf87a9fc7,921471e5-440b-43b6-b0a8-66de633bd0f2,Marketing,53,84.7,2025-11-17T20:33:44.583694,2025-11-17T20:33:44.583696
8eb28911-6913-401b-ae45-cef6ad6ec652,921471e5-440b-43b6-b0a8-66de633bd0f2,Sales,71,85.6,2025-11-17T20:33:44.583708,2025-11-17T20:33:44.583709
a164c881-2cb7-4adf-885f-13a4c124cce7,921471e5-440b-43b6-b0a8-66de633bd0f2,Customer Success,21,79.3,2025-11-17T20:33:44.583720,2025-11-17T20:33:44.583721
6d2a0b67-be6a-4bb9-91f9-463714b1f312,921471e5-440b-43b6-b0a8-66de633bd0f2,Operations,96,66.1,2025-11-17T20:33:44.583727,2025-11-17T20:33:44.583728
aa8a02e8-9210-4cbe-bf50-3f5125c0e91b,921471e5-440b-43b6-b0a8-66de633bd0f2,Finance,140,73.4,2025-11-17T20:33:44.583738,2025-11-17T20:33:44.583741
89facda2-e957-40c8-88d0-e48b31b65880,921471e5-440b-43b6-b0a8-66de633bd0f2,HR,118,94.3,2025-11-17T20:33:44.583747,2025-11-17T20:33:44.583748
b08be2ed-df0d-4f6e-9eb6-736a4c78bab1,921471e5-440b-43b6-b0a8-66de633bd0f2,Legal,68,61.3,2025-11-17T20:33:44.583755,2025-11-17T20:33:44.583755
79256b8a-6c79-4f49-95f3-e692554c0f66,df2b6147-118d-4f62-b719-a077a69bf8bc,Engineering,66,89.8,2025-11-17T20:33:44.623067,2025-11-17T20:33:44.623068
92fb04c5-9f9f-4102-8e80-7f454cf1a571,df2b6147-118d-4f62-b719-a077a69bf8bc,Product,81,89.6,2025-11-17T20:33:44.623080,2025-11-17T20:33:44.623081
3a22218b-b587-4cb4-9902-04f5aac1a0d3,df2b6147-118d-4f62-b719-a077a69bf8bc,Design,150,65.2,2025-11-17T20:33:44.623088,2025-11-17T20:33:44.623089
5728be00-447c-4d86-b672-01cd83f1f17c,df2b6147-118d-4f62-b719-a077a69bf8bc,Marketing,103,82.7,2025-11-17T20:33:44.623103,2025-11-17T20:33:44.623104
7e3b5f1c-a557-4d45-8ce5-cc25f2211e48,df2b6147-118d-4f62-b719-a077a69bf8bc,Sales,68,69.0,2025-11-17T20:33:44.623110,2025-11-17T20:33:44.623111
210e1706-78e5-4049-aad7-ee96116774ea,df2b6147-118d-4f62-b719-a077a69bf8bc,Customer Success,53,94.1,2025-11-17T20:33:44.623130,2025-11-17T20:33:44.623131
5edac16c-4d41-41e8-850d-4cd6fda022f0,df2b6147-118d-4f62-b719-a077a69bf8bc,Operations,42,77.5,2025-11-17T20:33:44.623160,2025-11-17T20:33:44.623161
bdeb322a-2aba-4dac-8c9b-07b1895720ef,df2b6147-118d-4f62-b719-a077a69bf8bc,Finance,32,89.5,2025-11-17T20:33:44.623168,2025-11-17T20:33:44.623169
72737eae-17f2-498c-869a-4aa66f2a0e57,df2b6147-118d-4f62-b719-a077a69bf8bc,HR,124,70.1,2025-11-17T20:33:44.623176,2025-11-17T20:33:44.623177
05695249-1ad7-4484-8507-5af72c8c937e,df2b6147-118d-4f62-b719-a077a69bf8bc,Legal,27,85.2,2025-11-17T20:33:44.623185,2025-11-17T20:33:44.623186
7fbfe58b-a899-4a10-970d-a5e4d7e94cfa,a1fd2ec2-6c83-478c-97a5-d9140fce1b05,Engineering,112,90.6,2025-11-17T20:33:44.658472,2025-11-17T20:33:44.658474
422c4858-8d30-4b6a-8ef9-d0fdb7b711f6,a1fd2ec2-6c83-478c-97a5-d9140fce1b05,Product,97,81.6,2025-11-17T20:33:44.658483,2025-11-17T20:33:44.658484
2b37a3c2-25bd-40a3-9593-66a41cd4f993,a1fd2ec2-6c83-478c-97a5-d9140fce1b05,Design,107,83.2,2025-11-17T20:33:44.658490,2025-11-17T20:33:44.658491
a3b4553b-bcd8-46de-a266-75f663259939,a1fd2ec2-6c83-478c-97a5-d9140fce1b05,Marketing,42,73.2,2025-11-17T20:33:44.658497,2025-11-17T20:33:44.658498
8a32925d-c969-4bc3-b127-c3271f8faf47,a1fd2ec2-6c83-478c-97a5-d9140fce1b05,Sales,71,89.6,2025-11-17T20:33:44.658506,2025-11-17T20:33:44.658507
b713eb00-0044-474a-abf5-b2a35dbc012f,a1fd2ec2-6c83-478c-97a5-d9140fce1b05,Customer Success,122,68.8,2025-11-17T20:33:44.658516,2025-11-17T20:33:44.658517
ac71565d-fe42-40d9-a71c-44fe8a045fc7,a1fd2ec2-6c83-478c-97a5-d9140fce1b05,Operations,105,88.1,2025-11-17T20:33:44.658523,2025-11-17T20:33:44.658523
e981ddcd-17b3-43e0-84f3-2a3b1d36dbff,a1fd2ec2-6c83-478c-97a5-d9140fce1b05,Finance,60,94.2,2025-11-17T20:33:44.658546,2025-11-17T20:33:44.658547
3857931a-bdaa-4165-ba3c-32a301337404,a1fd2ec2-6c83-478c-97a5-d9140fce1b05,HR,15,94.5,2025-11-17T20:33:44.658554,2025-11-17T20:33:44.658555
b5b3d11b-476b-4a7d-9db9-67606197ce2c,a1fd2ec2-6c83-478c-97a5-d9140fce1b05,Legal,75,81.4,2025-11-17T20:33:44.658564,2025-11-17T20:33:44.658565
24f390b4-f929-4468-8873-a66d53da0f33,e0d4c03d-9843-429e-a685-8efbd726dab3,Engineering,99,84.1,2025-11-17T20:33:44.671796,2025-11-17T20:33:44.671797
aa5ae811-1b6e-4e4e-9240-744bcb6d846c,e0d4c03d-9843-429e-a685-8efbd726dab3,Product,128,93.1,2025-11-17T20:33:44.671811,2025-11-17T20:33:44.671815
8caddfcb-7e4a-4f70-bb4e-fdb24d1e3122,e0d4c03d-9843-429e-a685-8efbd726dab3,Design,89,64.1,2025-11-17T20:33:44.671821,2025-11-17T20:33:44.671822
a9f3aef0-2ba1-4829-884f-2175f10ad684,e0d4c03d-9843-429e-a685-8efbd726dab3,Marketing,135,90.5,2025-11-17T20:33:44.671832,2025-11-17T20:33:44.671833
29998b56-f1df-4375-a150-6481a87ebce5,e0d4c03d-9843-429e-a685-8efbd726dab3,Sales,67,94.1,2025-11-17T20:33:44.671840,2025-11-17T20:33:44.671840
4d799a0c-4d14-40fc-964b-630500926f8b,e0d4c03d-9843-429e-a685-8efbd726dab3,Customer Success,189,71.3,2025-11-17T20:33:44.671854,2025-11-17T20:33:44.671855
7f369307-3508-490f-99e4-2c9cfb7bfda8,e0d4c03d-9843-429e-a685-8efbd726dab3,Operations,155,79.7,2025-11-17T20:33:44.671866,2025-11-17T20:33:44.671867
7c80715c-d58e-4cce-a242-80e400cf075c,e0d4c03d-9843-429e-a685-8efbd726dab3,Finance,166,73.3,2025-11-17T20:33:44.671876,2025-11-17T20:33:44.671877
1c4b8ffc-765c-471e-bced-7ed08c7be2ef,e0d4c03d-9843-429e-a685-8efbd726dab3,HR,171,84.2,2025-11-17T20:33:44.671883,2025-11-17T20:33:44.671884
bdc3f37f-dd55-4183-9790-fa4637c0f310,e0d4c03d-9843-429e-a685-8efbd726dab3,Legal,117,80.2,2025-11-17T20:33:44.671892,2025-11-17T20:33:44.671893
b957e47c-313b-4fa7-b625-4554f8e0fdb3,ac722a25-e4f0-4609-b4dd-14a13dfead9f,Engineering,47,64.9,2025-11-17T20:33:44.694424,2025-11-17T20:33:44.694425
11bf67a8-eaed-4791-92c6-75c7eeb09bce,ac722a25-e4f0-4609-b4dd-14a13dfead9f,Product,158,92.8,2025-11-17T20:33:44.694434,2025-11-17T20:33:44.694435
f4a3a4c7-1c77-4b15-8097-2d2fe6ffcdc8,ac722a25-e4f0-4609-b4dd-14a13dfead9f,Design,178,71.6,2025-11-17T20:33:44.694441,2025-11-17T20:33:44.694442
7cb371f7-d04f-44c3-ae4a-848c5ac897fa,ac722a25-e4f0-4609-b4dd-14a13dfead9f,Marketing,137,89.5,2025-11-17T20:33:44.694456,2025-11-17T20:33:44.694457
b77acb35-a4ac-43d0-9390-04dad661ebb6,ac722a25-e4f0-4609-b4dd-14a13dfead9f,Sales,181,66.9,2025-11-17T20:33:44.694463,2025-11-17T20:33:44.694463
b8d7c62c-9c20-402a-a147-7eac7c523ca5,ac722a25-e4f0-4609-b4dd-14a13dfead9f,Customer Success,40,84.0,2025-11-17T20:33:44.694475,2025-11-17T20:33:44.694476
e150d38d-ea04-40c6-a567-4ebd45356a42,ac722a25-e4f0-4609-b4dd-14a13dfead9f,Operations,51,79.2,2025-11-17T20:33:44.694481,2025-11-17T20:33:44.694482
89b98183-5e4a-4b5e-a894-0484b14f0fd0,ac722a25-e4f0-4609-b4dd-14a13dfead9f,Finance,38,76.0,2025-11-17T20:33:44.694489,2025-11-17T20:33:44.694490
4d6e8b28-b0fb-43e9-b652-e4103d1bfbd0,ac722a25-e4f0-4609-b4dd-14a13dfead9f,HR,192,87.7,2025-11-17T20:33:44.694496,2025-11-17T20:33:44.694496
e3926614-f3ba-4d5c-bf99-7c3ec87a3931,ac722a25-e4f0-4609-b4dd-14a13dfead9f,Legal,129,77.3,2025-11-17T20:33:44.694502,2025-11-17T20:33:44.694503
6615b9fc-4862-4c3b-a9de-31c506e08072,34e4bbed-be9a-4e32-a676-9d1883ce1bbe,Engineering,159,83.7,2025-11-17T20:33:44.703275,2025-11-17T20:33:44.703276
a9bcf6de-e6a9-42b1-8d10-4a7af21f0352,34e4bbed-be9a-4e32-a676-9d1883ce1bbe,Product,44,75.9,2025-11-17T20:33:44.703284,2025-11-17T20:33:44.703285
09459c58-dd69-49b3-aaf8-9af6538196a8,34e4bbed-be9a-4e32-a676-9d1883ce1bbe,Design,152,72.1,2025-11-17T20:33:44.703291,2025-11-17T20:33:44.703292
67cbd23a-2337-4f1e-a2f0-4294bb788608,34e4bbed-be9a-4e32-a676-9d1883ce1bbe,Marketing,62,68.9,2025-11-17T20:33:44.703305,2025-11-17T20:33:44.703306
85cd3569-6d2a-4ea5-ae00-0b10d0740f41,34e4bbed-be9a-4e32-a676-9d1883ce1bbe,Sales,129,66.6,2025-11-17T20:33:44.703314,2025-11-17T20:33:44.703315
6d7142bc-4347-4458-83da-ca6ecc9bc0ad,34e4bbed-be9a-4e32-a676-9d1883ce1bbe,Customer Success,79,90.1,2025-11-17T20:33:44.703325,2025-11-17T20:33:44.703326
4bf7480a-a758-40e5-9a60-854e49f9a5f9,34e4bbed-be9a-4e32-a676-9d1883ce1bbe,Operations,62,77.9,2025-11-17T20:33:44.703333,2025-11-17T20:33:44.703334
d18f2416-d17a-4348-9833-91f8d87672b6,34e4bbed-be9a-4e32-a676-9d1883ce1bbe,Finance,107,91.2,2025-11-17T20:33:44.703340,2025-11-17T20:33:44.703341
75125a78-6086-447d-9e52-368993977da1,34e4bbed-be9a-4e32-a676-9d1883ce1bbe,HR,169,82.2,2025-11-17T20:33:44.703351,2025-11-17T20:33:44.703352
5629ca70-63e8-41e3-8557-ddb2165120e2,34e4bbed-be9a-4e32-a676-9d1883ce1bbe,Legal,51,70.7,2025-11-17T20:33:44.703358,2025-11-17T20:33:44.703359
0f4c0ce6-b465-4f0a-83bd-031e28172832,b2507ebb-d326-47be-be1e-9a09a01657fa,Engineering,142,76.7,2025-11-17T20:33:44.734420,2025-11-17T20:33:44.734421
8424c75e-4e51-4080-847d-d9cddaf41ea3,b2507ebb-d326-47be-be1e-9a09a01657fa,Product,63,73.2,2025-11-17T20:33:44.734427,2025-11-17T20:33:44.734428
7d115a1b-07da-4611-9535-677f37eb81b8,b2507ebb-d326-47be-be1e-9a09a01657fa,Design,196,63.5,2025-11-17T20:33:44.734433,2025-11-17T20:33:44.734434
880dd71a-b0b3-43e1-a7a6-3a6bcc3f5f00,b2507ebb-d326-47be-be1e-9a09a01657fa,Marketing,47,83.5,2025-11-17T20:33:44.734439,2025-11-17T20:33:44.734440
f64ed6b6-ba2e-4e17-b7db-c9d90ab76dfa,b2507ebb-d326-47be-be1e-9a09a01657fa,Sales,18,82.2,2025-11-17T20:33:44.734452,2025-11-17T20:33:44.734453
9c807673-4bb1-4f07-8eff-14d1db223e57,b2507ebb-d326-47be-be1e-9a09a01657fa,Customer Success,60,70.1,2025-11-17T20:33:44.734459,2025-11-17T20:33:44.734460
9a9733cb-3ba9-4ea0-810c-708bf22d82d3,b2507ebb-d326-47be-be1e-9a09a01657fa,Operations,54,88.2,2025-11-17T20:33:44.734468,2025-11-17T20:33:44.734469
f43cb33c-9333-4a6b-92ef-7a71635b6486,b2507ebb-d326-47be-be1e-9a09a01657fa,Finance,17,63.8,2025-11-17T20:33:44.734481,2025-11-17T20:33:44.734482
0bd87bd1-503f-4c9a-b2ed-33c02772a735,b2507ebb-d326-47be-be1e-9a09a01657fa,HR,188,87.1,2025-11-17T20:33:44.734487,2025-11-17T20:33:44.734488
8b4f2da2-0748-4724-9269-c3651fc4afcd,b2507ebb-d326-47be-be1e-9a09a01657fa,Legal,42,61.0,2025-11-17T20:33:44.734494,2025-11-17T20:33:44.734495
69e1bf41-cb77-4183-8d86-2bddb24c08ed,7dee464b-5344-4ca6-a355-8ed45977834d,Engineering,136,93.6,2025-11-17T20:33:44.750788,2025-11-17T20:33:44.750789
3c6766fa-9834-40bd-a70c-6e196436f8df,7dee464b-5344-4ca6-a355-8ed45977834d,Product,97,91.8,2025-11-17T20:33:44.750795,2025-11-17T20:33:44.750796
08ad2df8-2fce-4438-b3a7-33c9aa6e400f,7dee464b-5344-4ca6-a355-8ed45977834d,Design,77,85.7,2025-11-17T20:33:44.750803,2025-11-17T20:33:44.750804
191703df-eda5-4f7d-92b8-082faa0e452e,7dee464b-5344-4ca6-a355-8ed45977834d,Marketing,195,64.7,2025-11-17T20:33:44.750810,2025-11-17T20:33:44.750811
aa893054-fe47-49d9-bebf-f2f7beb6144f,7dee464b-5344-4ca6-a355-8ed45977834d,Sales,44,62.8,2025-11-17T20:33:44.750818,2025-11-17T20:33:44.750818
5eb3fe0f-a8cb-41a7-af65-15fa12d9208b,7dee464b-5344-4ca6-a355-8ed45977834d,Customer Success,58,75.6,2025-11-17T20:33:44.750827,2025-11-17T20:33:44.750828
c483c782-9b7c-4c64-991a-1370e73cfe64,7dee464b-5344-4ca6-a355-8ed45977834d,Operations,162,88.8,2025-11-17T20:33:44.750836,2025-11-17T20:33:44.750837
f19e1c5c-c1fb-4f2b-bb21-a12e0f2831f2,7dee464b-5344-4ca6-a355-8ed45977834d,Finance,16,94.5,2025-11-17T20:33:44.750847,2025-11-17T20:33:44.750848
f2e3a8ff-68ce-401f-b37f-055e3fd0327e,7dee464b-5344-4ca6-a355-8ed45977834d,HR,116,76.0,2025-11-17T20:33:44.750859,2025-11-17T20:33:44.750860
5227ecd4-3271-4ebe-8592-e98757946cc1,7dee464b-5344-4ca6-a355-8ed45977834d,Legal,56,69.0,2025-11-17T20:33:44.750867,2025-11-17T20:33:44.750868
512e8a4a-3517-4b0e-b4ae-a6cbee12fb1f,606e1379-5df9-496e-b973-4d51acfa5de8,Engineering,31,72.2,2025-11-17T20:33:44.770958,2025-11-17T20:33:44.770960
f520d820-5f33-4dbe-b5f4-f57780b9c006,606e1379-5df9-496e-b973-4d51acfa5de8,Product,92,77.8,2025-11-17T20:33:44.770967,2025-11-17T20:33:44.770968
1a76bbbe-b973-4e4a-ab9d-15f84098bc12,606e1379-5df9-496e-b973-4d51acfa5de8,Design,54,93.2,2025-11-17T20:33:44.770979,2025-11-17T20:33:44.770980
fc1a9bdb-aac9-4e11-99a5-26453e603ab0,606e1379-5df9-496e-b973-4d51acfa5de8,Marketing,126,91.6,2025-11-17T20:33:44.770986,2025-11-17T20:33:44.770987
afea9fdd-6f8f-4abb-a617-08dc8eb335ab,606e1379-5df9-496e-b973-4d51acfa5de8,Sales,82,82.3,2025-11-17T20:33:44.770993,2025-11-17T20:33:44.770995
0b5b6dad-46fb-44c4-a8bf-ea35cb4b6495,606e1379-5df9-496e-b973-4d51acfa5de8,Customer Success,185,80.0,2025-11-17T20:33:44.771004,2025-11-17T20:33:44.771005
f5e34560-e1b0-4da5-985a-9981e4bab6a3,606e1379-5df9-496e-b973-4d51acfa5de8,Operations,39,66.6,2025-11-17T20:33:44.771011,2025-11-17T20:33:44.771012
8233075b-358c-45cb-a666-f2f302e07a3b,606e1379-5df9-496e-b973-4d51acfa5de8,Finance,32,80.1,2025-11-17T20:33:44.771018,2025-11-17T20:33:44.771019
a94f1a30-d804-4d06-a822-d2670c1c8852,606e1379-5df9-496e-b973-4d51acfa5de8,HR,166,76.5,2025-11-17T20:33:44.771028,2025-11-17T20:33:44.771029
71a0cc67-5919-4b2d-911e-48c11c7d7b87,606e1379-5df9-496e-b973-4d51acfa5de8,Legal,64,61.3,2025-11-17T20:33:44.771036,2025-11-17T20:33:44.771037
b07f5079-e5da-436c-a732-6a9cec3ba00b,6c1f1815-ec02-43eb-91bf-a44446b6aa14,Engineering,18,80.7,2025-11-17T20:33:44.793312,2025-11-17T20:33:44.793314
17d7caf7-ae9b-4e43-a57d-83e636142177,6c1f1815-ec02-43eb-91bf-a44446b6aa14,Product,100,69.5,2025-11-17T20:33:44.793326,2025-11-17T20:33:44.793328
9a10a081-4476-4446-b4f8-d657168a7a73,6c1f1815-ec02-43eb-91bf-a44446b6aa14,Design,74,69.3,2025-11-17T20:33:44.793337,2025-11-17T20:33:44.793339
cab47a83-5b39-4825-8eb4-2aa39d185cf6,6c1f1815-ec02-43eb-91bf-a44446b6aa14,Marketing,29,75.7,2025-11-17T20:33:44.793348,2025-11-17T20:33:44.793349
b3c47621-db0b-4dff-8aa7-aafee5d5f3c9,6c1f1815-ec02-43eb-91bf-a44446b6aa14,Sales,81,63.0,2025-11-17T20:33:44.793359,2025-11-17T20:33:44.793361
74e64c4b-e8de-4e35-bec3-0737391d767e,6c1f1815-ec02-43eb-91bf-a44446b6aa14,Customer Success,170,77.7,2025-11-17T20:33:44.793379,2025-11-17T20:33:44.793381
48e36310-2016-415c-8b39-c7498cd93a4c,6c1f1815-ec02-43eb-91bf-a44446b6aa14,Operations,112,83.2,2025-11-17T20:33:44.793390,2025-11-17T20:33:44.793392
9fa0d1a4-e167-4ce2-8101-e878e32116f8,6c1f1815-ec02-43eb-91bf-a44446b6aa14,Finance,34,79.4,2025-11-17T20:33:44.793406,2025-11-17T20:33:44.793408
51e16eee-514f-471e-a2cf-4d6e28b55a6b,6c1f1815-ec02-43eb-91bf-a44446b6aa14,HR,27,84.8,2025-11-17T20:33:44.793421,2025-11-17T20:33:44.793423
127e662d-1f10-4bae-ac88-a0a45cab90e7,6c1f1815-ec02-43eb-91bf-a44446b6aa14,Legal,156,92.0,2025-11-17T20:33:44.793439,2025-11-17T20:33:44.793441
2d4587fa-8fb4-4bcb-8253-b97bd0639ddf,387b2a28-4445-46d0-85c5-a4fd58635e66,Engineering,109,79.2,2025-11-17T20:33:44.802653,2025-11-17T20:33:44.802654
81124057-8f7e-435a-8a9e-816e4f39b40b,387b2a28-4445-46d0-85c5-a4fd58635e66,Product,190,72.4,2025-11-17T20:33:44.802660,2025-11-17T20:33:44.802661
ddc40e6d-de1c-4410-9d19-00969e77ffc6,387b2a28-4445-46d0-85c5-a4fd58635e66,Design,116,63.5,2025-11-17T20:33:44.802668,2025-11-17T20:33:44.802669
569d3149-b137-419f-8428-f2db06a3fdf2,387b2a28-4445-46d0-85c5-a4fd58635e66,Marketing,141,73.9,2025-11-17T20:33:44.802675,2025-11-17T20:33:44.802676
f4a5707d-65bb-454f-9d6f-20800332bb37,387b2a28-4445-46d0-85c5-a4fd58635e66,Sales,175,87.2,2025-11-17T20:33:44.802682,2025-11-17T20:33:44.802683
a94bf370-ac9b-463e-a592-9068e9e5b24e,387b2a28-4445-46d0-85c5-a4fd58635e66,Customer Success,94,93.2,2025-11-17T20:33:44.802693,2025-11-17T20:33:44.802694
1bf08672-7c03-430e-981d-0f5a140a6dda,387b2a28-4445-46d0-85c5-a4fd58635e66,Operations,92,71.6,2025-11-17T20:33:44.802701,2025-11-17T20:33:44.802702
32b5cf51-d3df-4ae4-960d-a932ac396f53,387b2a28-4445-46d0-85c5-a4fd58635e66,Finance,149,84.8,2025-11-17T20:33:44.802708,2025-11-17T20:33:44.802709
65c7364a-7427-4356-a7cd-18d0356542ce,387b2a28-4445-46d0-85c5-a4fd58635e66,HR,33,77.2,2025-11-17T20:33:44.802722,2025-11-17T20:33:44.802723
898700cd-3976-45d9-b8d3-e88daa8d146d,387b2a28-4445-46d0-85c5-a4fd58635e66,Legal,82,82.9,2025-11-17T20:33:44.802729,2025-11-17T20:33:44.802730
a3d6e702-e96f-4d90-b401-60c7f34edbbe,a6914b19-adbb-465e-ac02-caaa50eedb0f,Engineering,149,69.9,2025-11-17T20:33:44.826942,2025-11-17T20:33:44.826944
a7e92f60-b8f4-4ae0-899f-eda6e3e0a907,a6914b19-adbb-465e-ac02-caaa50eedb0f,Product,190,82.4,2025-11-17T20:33:44.826956,2025-11-17T20:33:44.826958
c641e720-ad80-41ea-b64c-5e6d26092032,a6914b19-adbb-465e-ac02-caaa50eedb0f,Design,163,71.9,2025-11-17T20:33:44.826970,2025-11-17T20:33:44.826972
9688d767-5ce1-4952-8ed9-1316eb5985bd,a6914b19-adbb-465e-ac02-caaa50eedb0f,Marketing,192,68.2,2025-11-17T20:33:44.826987,2025-11-17T20:33:44.826989
da7095d9-9b4a-405d-9ee4-92dd00dc6290,a6914b19-adbb-465e-ac02-caaa50eedb0f,Sales,63,85.2,2025-11-17T20:33:44.827003,2025-11-17T20:33:44.827005
985ccfdc-5468-44a0-8832-ef7865e27c39,a6914b19-adbb-465e-ac02-caaa50eedb0f,Customer Success,13,61.6,2025-11-17T20:33:44.827016,2025-11-17T20:33:44.827017
36210047-198a-4b2c-b4e1-7661b24fd5bb,a6914b19-adbb-465e-ac02-caaa50eedb0f,Operations,29,81.3,2025-11-17T20:33:44.827028,2025-11-17T20:33:44.827033
7a5383b2-ea54-4fc8-9347-437d1cf293bc,a6914b19-adbb-465e-ac02-caaa50eedb0f,Finance,173,63.3,2025-11-17T20:33:44.827042,2025-11-17T20:33:44.827044
97a42888-8855-488c-9faa-69d1c58c9827,a6914b19-adbb-465e-ac02-caaa50eedb0f,HR,33,92.2,2025-11-17T20:33:44.827056,2025-11-17T20:33:44.827057
7d26302c-5c9b-4519-a6d6-ca0fdef6a191,a6914b19-adbb-465e-ac02-caaa50eedb0f,Legal,167,63.2,2025-11-17T20:33:44.827072,2025-11-17T20:33:44.827073
3d75faf6-1e42-438e-8823-4baaf10c2da1,5d5c6f21-13c1-4cbc-9dc1-c67f14247847,Engineering,29,89.6,2025-11-17T20:33:44.849513,2025-11-17T20:33:44.849514
3ab4d010-1705-4e36-910e-71c1fc3884a3,5d5c6f21-13c1-4cbc-9dc1-c67f14247847,Product,98,71.5,2025-11-17T20:33:44.849522,2025-11-17T20:33:44.849522
acffcb58-06bb-4ce9-b98c-b7ab63a390f4,5d5c6f21-13c1-4cbc-9dc1-c67f14247847,Design,145,84.9,2025-11-17T20:33:44.849531,2025-11-17T20:33:44.849532
d261dc40-f654-4354-976c-8b5f9b521b35,5d5c6f21-13c1-4cbc-9dc1-c67f14247847,Marketing,129,89.0,2025-11-17T20:33:44.849540,2025-11-17T20:33:44.849541
4a210a65-5524-42d7-a961-965733bffb50,5d5c6f21-13c1-4cbc-9dc1-c67f14247847,Sales,188,86.8,2025-11-17T20:33:44.849557,2025-11-17T20:33:44.849558
c505313e-1b06-4954-a4c7-9dd6dadffe93,5d5c6f21-13c1-4cbc-9dc1-c67f14247847,Customer Success,192,84.2,2025-11-17T20:33:44.849566,2025-11-17T20:33:44.849567
593f480f-7481-4129-9c33-e025814067ae,5d5c6f21-13c1-4cbc-9dc1-c67f14247847,Operations,52,63.8,2025-11-17T20:33:44.849576,2025-11-17T20:33:44.849577
f02e090d-95b1-456b-ac1d-60c49d278e62,5d5c6f21-13c1-4cbc-9dc1-c67f14247847,Finance,100,64.0,2025-11-17T20:33:44.849584,2025-11-17T20:33:44.849585
d06109f7-9d24-45ec-9c6a-cd19a64e1513,5d5c6f21-13c1-4cbc-9dc1-c67f14247847,HR,112,64.9,2025-11-17T20:33:44.849591,2025-11-17T20:33:44.849592
b318191f-2026-4f8e-94c3-a828187d1d8a,5d5c6f21-13c1-4cbc-9dc1-c67f14247847,Legal,119,76.0,2025-11-17T20:33:44.849599,2025-11-17T20:33:44.849600
ab9ae217-1a1b-43b2-8b7b-546dca3c039c,10f04d13-83f8-4976-8f5b-9f5ab4be5862,Engineering,15,77.2,2025-11-17T20:33:44.888514,2025-11-17T20:33:44.888516
cddcab31-700f-4fd3-9baa-01f9e3606b9c,10f04d13-83f8-4976-8f5b-9f5ab4be5862,Product,66,71.0,2025-11-17T20:33:44.888523,2025-11-17T20:33:44.888524
8761b656-51a6-40be-b90c-eb00984446f8,10f04d13-83f8-4976-8f5b-9f5ab4be5862,Design,40,75.5,2025-11-17T20:33:44.888529,2025-11-17T20:33:44.888530
1fa54b12-aa1d-4295-a5a0-0f94b7fc35cc,10f04d13-83f8-4976-8f5b-9f5ab4be5862,Marketing,143,72.7,2025-11-17T20:33:44.888535,2025-11-17T20:33:44.888536
0080da0f-887c-4704-8ffb-a0f0fe24fedb,10f04d13-83f8-4976-8f5b-9f5ab4be5862,Sales,159,77.7,2025-11-17T20:33:44.888548,2025-11-17T20:33:44.888548
092980fa-4dbf-4c8f-b46b-d2aa14ec2224,10f04d13-83f8-4976-8f5b-9f5ab4be5862,Customer Success,14,63.3,2025-11-17T20:33:44.888557,2025-11-17T20:33:44.888558
77eb691a-b6da-4d37-9f6c-0a69827b5361,10f04d13-83f8-4976-8f5b-9f5ab4be5862,Operations,199,83.9,2025-11-17T20:33:44.888563,2025-11-17T20:33:44.888564
e85addf8-d01d-40ac-aebc-e42f5ee6dccc,10f04d13-83f8-4976-8f5b-9f5ab4be5862,Finance,178,66.8,2025-11-17T20:33:44.888573,2025-11-17T20:33:44.888574
54c8a2f2-15d6-4798-bfa9-e4512c88ccc0,10f04d13-83f8-4976-8f5b-9f5ab4be5862,HR,110,77.8,2025-11-17T20:33:44.888581,2025-11-17T20:33:44.888582
09f405f7-d97c-4853-aa6b-28174ef77ce0,10f04d13-83f8-4976-8f5b-9f5ab4be5862,Legal,93,77.7,2025-11-17T20:33:44.888590,2025-11-17T20:33:44.888591
f43764da-8ac2-43ec-82bb-ec74792d61a4,d69f95b5-d0f9-49ad-9d45-42f7007be44f,Engineering,42,60.9,2025-11-17T20:33:44.900381,2025-11-17T20:33:44.900382
b53abbe5-aedc-4f49-b7b7-e4f928f36a20,d69f95b5-d0f9-49ad-9d45-42f7007be44f,Product,169,74.6,2025-11-17T20:33:44.900387,2025-11-17T20:33:44.900388
8fb82a97-a927-49b5-82c9-1071a09988f8,d69f95b5-d0f9-49ad-9d45-42f7007be44f,Design,85,64.5,2025-11-17T20:33:44.900394,2025-11-17T20:33:44.900395
16cbbcdd-316a-4e96-8431-ec588a0a4372,d69f95b5-d0f9-49ad-9d45-42f7007be44f,Marketing,13,88.5,2025-11-17T20:33:44.900407,2025-11-17T20:33:44.900407
7ee4c5b4-0bd9-4907-ad5b-75886349f591,d69f95b5-d0f9-49ad-9d45-42f7007be44f,Sales,92,76.8,2025-11-17T20:33:44.900423,2025-11-17T20:33:44.900423
cd375cd3-49b3-4bdd-a852-e8ed8e0cebe5,d69f95b5-d0f9-49ad-9d45-42f7007be44f,Customer Success,102,77.9,2025-11-17T20:33:44.900431,2025-11-17T20:33:44.900432
25d21c14-ee99-466c-a8cb-883ab393d537,d69f95b5-d0f9-49ad-9d45-42f7007be44f,Operations,20,77.1,2025-11-17T20:33:44.900440,2025-11-17T20:33:44.900441
6e9643ec-472e-4ce4-bdb2-7a393531f4b1,d69f95b5-d0f9-49ad-9d45-42f7007be44f,Finance,15,76.9,2025-11-17T20:33:44.900449,2025-11-17T20:33:44.900450
e7ebd3b3-6145-4774-8292-739b4bae9071,d69f95b5-d0f9-49ad-9d45-42f7007be44f,HR,16,84.8,2025-11-17T20:33:44.900464,2025-11-17T20:33:44.900466
86e387a9-ca7c-4538-88fc-73deef0c32b4,d69f95b5-d0f9-49ad-9d45-42f7007be44f,Legal,27,72.9,2025-11-17T20:33:44.900476,2025-11-17T20:33:44.900477
4797ccde-04ad-4cb7-b275-a924a4ae8f50,403d4034-bfa2-4963-98e9-e7c9f9799498,Engineering,156,80.8,2025-11-17T20:33:44.918181,2025-11-17T20:33:44.918183
1d5ffe79-fc70-4d91-a8f4-b956ad5ddf2d,403d4034-bfa2-4963-98e9-e7c9f9799498,Product,171,86.2,2025-11-17T20:33:44.918196,2025-11-17T20:33:44.918197
c41a2526-4561-420d-8725-77e6bb2042db,403d4034-bfa2-4963-98e9-e7c9f9799498,Design,52,68.3,2025-11-17T20:33:44.918203,2025-11-17T20:33:44.918204
592403b0-9728-46ca-8977-7b694c4da579,403d4034-bfa2-4963-98e9-e7c9f9799498,Marketing,193,93.9,2025-11-17T20:33:44.918209,2025-11-17T20:33:44.918210
4da04b45-b0ee-4cc6-92b4-1e6de1e1ca9b,403d4034-bfa2-4963-98e9-e7c9f9799498,Sales,92,64.3,2025-11-17T20:33:44.918215,2025-11-17T20:33:44.918216
94887791-d447-42b0-87ca-d38757bb7f98,403d4034-bfa2-4963-98e9-e7c9f9799498,Customer Success,177,80.7,2025-11-17T20:33:44.918224,2025-11-17T20:33:44.918225
f41e0071-ecb8-4e2e-aa16-89395fbfc092,403d4034-bfa2-4963-98e9-e7c9f9799498,Operations,87,63.4,2025-11-17T20:33:44.918230,2025-11-17T20:33:44.918231
ce8b68d1-6a7f-4429-a5cc-3106a88e1c6c,403d4034-bfa2-4963-98e9-e7c9f9799498,Finance,130,64.6,2025-11-17T20:33:44.918236,2025-11-17T20:33:44.918237
51aa1994-f8ad-4e43-92ed-0536f87bc700,403d4034-bfa2-4963-98e9-e7c9f9799498,HR,32,87.2,2025-11-17T20:33:44.918242,2025-11-17T20:33:44.918243
80c84bf6-e749-4343-91f0-14b84679b45e,403d4034-bfa2-4963-98e9-e7c9f9799498,Legal,25,70.9,2025-11-17T20:33:44.918249,2025-11-17T20:33:44.918250
4e0972b6-90dc-4050-a66a-bcd940dab3c3,2bf694d5-e059-40ae-bce2-c4a09cabf37f,Engineering,159,67.2,2025-11-17T20:33:44.935142,2025-11-17T20:33:44.935144
e5c61048-5d66-4094-9105-fef1567edb7a,2bf694d5-e059-40ae-bce2-c4a09cabf37f,Product,131,83.2,2025-11-17T20:33:44.935156,2025-11-17T20:33:44.935157
695b4916-f09b-4e1b-af16-fd856e79679f,2bf694d5-e059-40ae-bce2-c4a09cabf37f,Design,56,80.0,2025-11-17T20:33:44.935171,2025-11-17T20:33:44.935172
1e73fb10-9eda-449a-8fcc-e5fb505a9f87,2bf694d5-e059-40ae-bce2-c4a09cabf37f,Marketing,131,75.6,2025-11-17T20:33:44.935178,2025-11-17T20:33:44.935179
19e7d22b-f799-48ed-aa6a-1f030d1dcb58,2bf694d5-e059-40ae-bce2-c4a09cabf37f,Sales,159,83.0,2025-11-17T20:33:44.935186,2025-11-17T20:33:44.935187
b8656cd6-fb67-493b-8017-e6cb95194ec0,2bf694d5-e059-40ae-bce2-c4a09cabf37f,Customer Success,164,69.3,2025-11-17T20:33:44.935196,2025-11-17T20:33:44.935197
3a6013d9-7302-416c-91a7-329e23233a18,2bf694d5-e059-40ae-bce2-c4a09cabf37f,Operations,122,90.1,2025-11-17T20:33:44.935215,2025-11-17T20:33:44.935216
bb1079a9-ff5e-4164-9068-c8964ebfd5bf,2bf694d5-e059-40ae-bce2-c4a09cabf37f,Finance,136,91.9,2025-11-17T20:33:44.935230,2025-11-17T20:33:44.935232
d0dd7724-6ef4-4724-8725-5aeb439a05a0,2bf694d5-e059-40ae-bce2-c4a09cabf37f,HR,122,74.2,2025-11-17T20:33:44.935243,2025-11-17T20:33:44.935245
fa4f0268-66d1-4700-8081-d91d66a0ae4b,2bf694d5-e059-40ae-bce2-c4a09cabf37f,Legal,42,73.5,2025-11-17T20:33:44.935255,2025-11-17T20:33:44.935256
4a7762b9-fbb1-47bc-a6fe-b8998f3bb8c2,f929e9e8-cadb-42c6-97da-cbfb83e04b1c,Engineering,21,83.2,2025-11-17T20:33:44.949809,2025-11-17T20:33:44.949812
d5344e5a-8762-42dc-b66e-c7af6d706000,f929e9e8-cadb-42c6-97da-cbfb83e04b1c,Product,99,84.8,2025-11-17T20:33:44.949824,2025-11-17T20:33:44.949826
309a32e5-a748-452a-b43a-1614421f3852,f929e9e8-cadb-42c6-97da-cbfb83e04b1c,Design,111,89.6,2025-11-17T20:33:44.949855,2025-11-17T20:33:44.949857
a7b9426a-12cb-41c1-b0ab-c25172b79360,f929e9e8-cadb-42c6-97da-cbfb83e04b1c,Marketing,66,65.9,2025-11-17T20:33:44.949868,2025-11-17T20:33:44.949869
0175bd84-332f-407c-bf9b-01c046b0cb36,f929e9e8-cadb-42c6-97da-cbfb83e04b1c,Sales,143,90.8,2025-11-17T20:33:44.949879,2025-11-17T20:33:44.949880
1e214ff3-323a-466a-b336-ceab669d349d,f929e9e8-cadb-42c6-97da-cbfb83e04b1c,Customer Success,94,70.7,2025-11-17T20:33:44.949894,2025-11-17T20:33:44.949895
b9afb582-602c-401f-8c60-e3c544bfada5,f929e9e8-cadb-42c6-97da-cbfb83e04b1c,Operations,20,82.4,2025-11-17T20:33:44.949904,2025-11-17T20:33:44.949905
c49ed313-b100-4ca2-8c13-bce73276c680,f929e9e8-cadb-42c6-97da-cbfb83e04b1c,Finance,97,79.0,2025-11-17T20:33:44.949914,2025-11-17T20:33:44.949915
9a5af25c-9058-4d41-a16b-4f12adcb3cb3,f929e9e8-cadb-42c6-97da-cbfb83e04b1c,HR,69,82.8,2025-11-17T20:33:44.949924,2025-11-17T20:33:44.949926
4cbaabd1-af32-428c-8fe9-934dfcea2d5a,f929e9e8-cadb-42c6-97da-cbfb83e04b1c,Legal,176,69.6,2025-11-17T20:33:44.949937,2025-11-17T20:33:44.949939
49d5a6cf-e2a0-428c-9b7a-ffb7e3a3735d,a72d731d-4bfb-4eff-b763-654017270de8,Engineering,96,78.6,2025-11-17T20:33:44.981353,2025-11-17T20:33:44.981355
7eb5a4d3-0089-47a1-bcc3-50140cd3e0d0,a72d731d-4bfb-4eff-b763-654017270de8,Product,82,94.0,2025-11-17T20:33:44.981377,2025-11-17T20:33:44.981377
4ad9cc7a-ecea-4c85-8663-902ad1f0d4f6,a72d731d-4bfb-4eff-b763-654017270de8,Design,51,64.4,2025-11-17T20:33:44.981384,2025-11-17T20:33:44.981385
06f7763f-1ca0-4351-bbb2-ec21d195a0a1,a72d731d-4bfb-4eff-b763-654017270de8,Marketing,142,76.6,2025-11-17T20:33:44.981395,2025-11-17T20:33:44.981397
75838616-73d9-4cbb-b93b-9e3992b255be,a72d731d-4bfb-4eff-b763-654017270de8,Sales,69,71.6,2025-11-17T20:33:44.981407,2025-11-17T20:33:44.981408
ff090777-fedc-4170-ad8c-3e612c5a4ce8,a72d731d-4bfb-4eff-b763-654017270de8,Customer Success,156,93.1,2025-11-17T20:33:44.981430,2025-11-17T20:33:44.981431
2efe42d1-a42c-43ce-9469-a0c94d2b064f,a72d731d-4bfb-4eff-b763-654017270de8,Operations,183,66.7,2025-11-17T20:33:44.981441,2025-11-17T20:33:44.981442
854e0656-1e10-46a3-a603-80b6e29646f4,a72d731d-4bfb-4eff-b763-654017270de8,Finance,178,69.7,2025-11-17T20:33:44.981461,2025-11-17T20:33:44.981461
e1e9d945-2722-4914-a5d5-65c88e102416,a72d731d-4bfb-4eff-b763-654017270de8,HR,31,72.3,2025-11-17T20:33:44.981477,2025-11-17T20:33:44.981477
0cacda8a-8c6a-4b93-b124-48d2dcc5944e,a72d731d-4bfb-4eff-b763-654017270de8,Legal,134,82.1,2025-11-17T20:33:44.981483,2025-11-17T20:33:44.981484
1280f7af-466a-4514-bcda-1f3cc319698d,08c331d1-f2ae-4899-9820-a4c51c555c0e,Engineering,72,71.5,2025-11-17T20:33:45.011645,2025-11-17T20:33:45.011647
eddaade9-00fc-43e2-99bf-2b3d9d3d5384,08c331d1-f2ae-4899-9820-a4c51c555c0e,Product,110,74.3,2025-11-17T20:33:45.011656,2025-11-17T20:33:45.011657
633f708b-ecec-4462-a19a-297428cca023,08c331d1-f2ae-4899-9820-a4c51c555c0e,Design,124,84.0,2025-11-17T20:33:45.011664,2025-11-17T20:33:45.011664
f30fa94a-2913-4873-bb79-e3370f3372c0,08c331d1-f2ae-4899-9820-a4c51c555c0e,Marketing,175,83.3,2025-11-17T20:33:45.011675,2025-11-17T20:33:45.011677
b6f0064c-ba48-442e-a029-d6c9a25f96d6,08c331d1-f2ae-4899-9820-a4c51c555c0e,Sales,196,73.6,2025-11-17T20:33:45.011689,2025-11-17T20:33:45.011690
ba204461-52f9-4cb1-a4b5-8e887db14d7c,08c331d1-f2ae-4899-9820-a4c51c555c0e,Customer Success,15,79.5,2025-11-17T20:33:45.011698,2025-11-17T20:33:45.011699
d5090bc6-8532-437c-8ee6-5c7f4e245ecb,08c331d1-f2ae-4899-9820-a4c51c555c0e,Operations,141,76.3,2025-11-17T20:33:45.011705,2025-11-17T20:33:45.011706
59d2ea84-215c-4f3a-99e9-c952efb6b271,08c331d1-f2ae-4899-9820-a4c51c555c0e,Finance,111,73.4,2025-11-17T20:33:45.011712,2025-11-17T20:33:45.011713
6caae4c7-11e2-4b3a-9531-c17ba8cdf34e,08c331d1-f2ae-4899-9820-a4c51c555c0e,HR,61,68.6,2025-11-17T20:33:45.011718,2025-11-17T20:33:45.011719
0a000dd8-50bd-474b-b38d-9b7383174baf,08c331d1-f2ae-4899-9820-a4c51c555c0e,Legal,11,61.7,2025-11-17T20:33:45.011726,2025-11-17T20:33:45.011727
3b90b6e5-afac-4fd8-a38f-9021bb5e6148,cc7e759f-bd14-4a0e-af00-97f69c312cf6,Engineering,60,94.0,2025-11-17T20:33:45.056771,2025-11-17T20:33:45.056772
26aa08dc-faaa-40c1-8b1c-3e821b2b9b96,cc7e759f-bd14-4a0e-af00-97f69c312cf6,Product,161,73.6,2025-11-17T20:33:45.056779,2025-11-17T20:33:45.056780
82559298-e42f-42e1-97ee-47de03a10408,cc7e759f-bd14-4a0e-af00-97f69c312cf6,Design,87,87.3,2025-11-17T20:33:45.056785,2025-11-17T20:33:45.056786
47a38fa6-5d2f-4cbf-bfaa-84561d1b424e,cc7e759f-bd14-4a0e-af00-97f69c312cf6,Marketing,130,64.9,2025-11-17T20:33:45.056796,2025-11-17T20:33:45.056797
8f71d72e-bc69-40f4-9492-d0dcbb85f2f0,cc7e759f-bd14-4a0e-af00-97f69c312cf6,Sales,93,71.5,2025-11-17T20:33:45.056814,2025-11-17T20:33:45.056815
054d8ebe-edca-4093-a64f-3da6be7008a8,cc7e759f-bd14-4a0e-af00-97f69c312cf6,Customer Success,106,61.8,2025-11-17T20:33:45.056823,2025-11-17T20:33:45.056824
03a6c30b-ba42-408d-844e-17fb0170f04f,cc7e759f-bd14-4a0e-af00-97f69c312cf6,Operations,49,75.3,2025-11-17T20:33:45.056830,2025-11-17T20:33:45.056831
aefd7059-4948-4103-91fa-9b5616b39dc4,cc7e759f-bd14-4a0e-af00-97f69c312cf6,Finance,123,93.9,2025-11-17T20:33:45.056845,2025-11-17T20:33:45.056846
aac0bf99-01d6-44e2-893c-343551a36109,cc7e759f-bd14-4a0e-af00-97f69c312cf6,HR,189,79.5,2025-11-17T20:33:45.056854,2025-11-17T20:33:45.056856
8268f6d0-fc44-48d0-8f2b-093bacc744eb,cc7e759f-bd14-4a0e-af00-97f69c312cf6,Legal,190,81.6,2025-11-17T20:33:45.056865,2025-11-17T20:33:45.056866
356dd0f9-1091-4541-897b-f59262a65c51,f8497bdf-63ea-4838-a2c7-d5ee50fa698f,Engineering,23,63.2,2025-11-17T20:33:45.078948,2025-11-17T20:33:45.078949
5244545d-112e-484f-9c91-f9d0f9d983fb,f8497bdf-63ea-4838-a2c7-d5ee50fa698f,Product,192,73.5,2025-11-17T20:33:45.078956,2025-11-17T20:33:45.078957
9128511c-05fd-4a2c-a29c-965fc1a3094a,f8497bdf-63ea-4838-a2c7-d5ee50fa698f,Design,157,90.4,2025-11-17T20:33:45.078964,2025-11-17T20:33:45.078965
add3d9b5-626c-45cf-bd1b-c416cdcc5780,f8497bdf-63ea-4838-a2c7-d5ee50fa698f,Marketing,98,93.5,2025-11-17T20:33:45.078976,2025-11-17T20:33:45.078977
98100f1e-23e8-4819-850c-91f55f12e5eb,f8497bdf-63ea-4838-a2c7-d5ee50fa698f,Sales,42,88.2,2025-11-17T20:33:45.078985,2025-11-17T20:33:45.078986
8cf6ff19-bfeb-4041-b864-a1469a6aaf9a,f8497bdf-63ea-4838-a2c7-d5ee50fa698f,Customer Success,35,69.3,2025-11-17T20:33:45.078997,2025-11-17T20:33:45.078998
9e856268-41da-42c1-8ec1-752c02239722,f8497bdf-63ea-4838-a2c7-d5ee50fa698f,Operations,87,78.9,2025-11-17T20:33:45.079006,2025-11-17T20:33:45.079007
dc88c741-94d0-4380-b186-1aebf69132df,f8497bdf-63ea-4838-a2c7-d5ee50fa698f,Finance,116,62.2,2025-11-17T20:33:45.079016,2025-11-17T20:33:45.079017
0e540d22-221d-439c-b12f-d52ea04fe7e1,f8497bdf-63ea-4838-a2c7-d5ee50fa698f,HR,34,80.3,2025-11-17T20:33:45.079023,2025-11-17T20:33:45.079024
f9493f98-86c7-4a8d-aa09-d01f7e6490a8,f8497bdf-63ea-4838-a2c7-d5ee50fa698f,Legal,144,62.5,2025-11-17T20:33:45.079029,2025-11-17T20:33:45.079030
5b0a2fd3-4e34-42d8-ab2b-734c366e44de,027af966-b16a-430f-b0a8-b4f7de265c2b,Engineering,148,85.4,2025-11-17T20:33:45.089241,2025-11-17T20:33:45.089242
c5926aa8-bcc2-4f8b-8c40-ec1e4b1b98fc,027af966-b16a-430f-b0a8-b4f7de265c2b,Product,182,78.1,2025-11-17T20:33:45.089260,2025-11-17T20:33:45.089261
f8c61a42-731a-4245-8597-876d632b26a2,027af966-b16a-430f-b0a8-b4f7de265c2b,Design,149,82.8,2025-11-17T20:33:45.089268,2025-11-17T20:33:45.089269
4283327c-6882-454c-84db-fd58a7bd20be,027af966-b16a-430f-b0a8-b4f7de265c2b,Marketing,92,88.3,2025-11-17T20:33:45.089279,2025-11-17T20:33:45.089280
65764c69-ee37-4856-b518-1356ce24bbe1,027af966-b16a-430f-b0a8-b4f7de265c2b,Sales,63,62.6,2025-11-17T20:33:45.089285,2025-11-17T20:33:45.089286
21af80bd-a3b9-498d-be8e-b7243e215bb0,027af966-b16a-430f-b0a8-b4f7de265c2b,Customer Success,192,68.8,2025-11-17T20:33:45.089296,2025-11-17T20:33:45.089297
6e651af4-c1fd-40b9-91df-6a1494f242de,027af966-b16a-430f-b0a8-b4f7de265c2b,Operations,135,63.4,2025-11-17T20:33:45.089302,2025-11-17T20:33:45.089303
8d92de69-7d38-488c-bf22-5c93ef03a021,027af966-b16a-430f-b0a8-b4f7de265c2b,Finance,168,74.0,2025-11-17T20:33:45.089313,2025-11-17T20:33:45.089314
b91cf18e-fd79-420a-8cbf-7b44d64b9f2e,027af966-b16a-430f-b0a8-b4f7de265c2b,HR,52,70.9,2025-11-17T20:33:45.089320,2025-11-17T20:33:45.089321
8a213475-5cbf-4939-be2b-8f23434ad796,027af966-b16a-430f-b0a8-b4f7de265c2b,Legal,25,91.3,2025-11-17T20:33:45.089326,2025-11-17T20:33:45.089327
e0afe773-4bea-47a2-bada-e21544ecd0f7,55f6554c-55d0-4fbf-8743-1e0539f0f818,Engineering,184,77.6,2025-11-17T20:33:45.116541,2025-11-17T20:33:45.116542
ec115beb-1dc6-4e53-9a74-9b7495b0ad13,55f6554c-55d0-4fbf-8743-1e0539f0f818,Product,154,77.5,2025-11-17T20:33:45.116554,2025-11-17T20:33:45.116555
0895f9da-b047-42f3-8bca-5983f09184b1,55f6554c-55d0-4fbf-8743-1e0539f0f818,Design,159,81.6,2025-11-17T20:33:45.116571,2025-11-17T20:33:45.116572
a9eb7b0d-28a7-442b-9290-71ccc99124c0,55f6554c-55d0-4fbf-8743-1e0539f0f818,Marketing,142,92.9,2025-11-17T20:33:45.116584,2025-11-17T20:33:45.116585
40d66370-21f3-46dc-89fe-54683c9c4826,55f6554c-55d0-4fbf-8743-1e0539f0f818,Sales,92,73.8,2025-11-17T20:33:45.116591,2025-11-17T20:33:45.116592
d4ea14e1-5980-4c5c-ab8c-27fed116dec5,55f6554c-55d0-4fbf-8743-1e0539f0f818,Customer Success,154,61.0,2025-11-17T20:33:45.116600,2025-11-17T20:33:45.116601
a2bbef19-6060-4c76-a077-5a0dc1b6d9a4,55f6554c-55d0-4fbf-8743-1e0539f0f818,Operations,104,85.3,2025-11-17T20:33:45.116607,2025-11-17T20:33:45.116607
f19cabea-ae14-486e-b67a-7852b06b904e,55f6554c-55d0-4fbf-8743-1e0539f0f818,Finance,167,93.7,2025-11-17T20:33:45.116618,2025-11-17T20:33:45.116619
bf17691e-ae65-4a01-9fd2-1b8e0114c3d9,55f6554c-55d0-4fbf-8743-1e0539f0f818,HR,84,63.6,2025-11-17T20:33:45.116625,2025-11-17T20:33:45.116626
8143c8e3-9d35-4a02-9c16-ce289fca2428,55f6554c-55d0-4fbf-8743-1e0539f0f818,Legal,66,72.0,2025-11-17T20:33:45.116631,2025-11-17T20:33:45.116632
3e8ec265-4ff9-475b-9978-eb639c40e7d8,ff7b8e4e-92e3-43db-96e7-988a8e07effe,Engineering,84,90.8,2025-11-17T20:33:45.150232,2025-11-17T20:33:45.150233
160e091d-e4d0-49fa-9ec2-e57f001df57b,ff7b8e4e-92e3-43db-96e7-988a8e07effe,Product,105,78.9,2025-11-17T20:33:45.150240,2025-11-17T20:33:45.150241
a4aa50cf-f4a7-4cda-bfb9-9c70c965a455,ff7b8e4e-92e3-43db-96e7-988a8e07effe,Design,179,80.6,2025-11-17T20:33:45.150246,2025-11-17T20:33:45.150247
8fdd5f24-23fc-4ff6-b4a4-90bb9b0843f9,ff7b8e4e-92e3-43db-96e7-988a8e07effe,Marketing,192,68.2,2025-11-17T20:33:45.150259,2025-11-17T20:33:45.150260
19fb78f4-b2a4-4df4-8b64-0799847f3037,ff7b8e4e-92e3-43db-96e7-988a8e07effe,Sales,20,79.3,2025-11-17T20:33:45.150268,2025-11-17T20:33:45.150269
db576974-3cd3-4c2e-9352-3bd3772d02e2,ff7b8e4e-92e3-43db-96e7-988a8e07effe,Customer Success,86,78.2,2025-11-17T20:33:45.150279,2025-11-17T20:33:45.150279
779602c3-c55b-4698-b53b-b6e0620eaae4,ff7b8e4e-92e3-43db-96e7-988a8e07effe,Operations,149,76.0,2025-11-17T20:33:45.150285,2025-11-17T20:33:45.150286
78488e50-1c95-477f-8cd6-44a06bf371ce,ff7b8e4e-92e3-43db-96e7-988a8e07effe,Finance,44,87.9,2025-11-17T20:33:45.150293,2025-11-17T20:33:45.150294
3523afee-d7d6-4257-88b5-ceebc22d3cf2,ff7b8e4e-92e3-43db-96e7-988a8e07effe,HR,183,91.4,2025-11-17T20:33:45.150306,2025-11-17T20:33:45.150307
d0135b6c-cf2b-4fa8-ab70-f4da6a686dd7,ff7b8e4e-92e3-43db-96e7-988a8e07effe,Legal,178,66.0,2025-11-17T20:33:45.150313,2025-11-17T20:33:45.150314
b7206fcb-49de-4ea0-99d8-564ef41af840,33eba272-53ed-420f-9c57-0b4cc7e20db6,Engineering,93,93.8,2025-11-17T20:33:45.172590,2025-11-17T20:33:45.172591
5f646661-ae30-4832-b83d-2e2ba95b4f9a,33eba272-53ed-420f-9c57-0b4cc7e20db6,Product,139,71.5,2025-11-17T20:33:45.172598,2025-11-17T20:33:45.172599
a3844488-e111-4cb1-994d-c6c90a0dda50,33eba272-53ed-420f-9c57-0b4cc7e20db6,Design,12,90.4,2025-11-17T20:33:45.172614,2025-11-17T20:33:45.172615
6d034370-262a-4c9c-9f6f-02c3fa9f8ff2,33eba272-53ed-420f-9c57-0b4cc7e20db6,Marketing,42,91.2,2025-11-17T20:33:45.172624,2025-11-17T20:33:45.172625
395f582a-2cb9-4b11-8fdc-ffa780941ed2,33eba272-53ed-420f-9c57-0b4cc7e20db6,Sales,70,94.2,2025-11-17T20:33:45.172631,2025-11-17T20:33:45.172631
4a543e9a-6617-4726-be50-09dbe7da6de6,33eba272-53ed-420f-9c57-0b4cc7e20db6,Customer Success,185,75.7,2025-11-17T20:33:45.172646,2025-11-17T20:33:45.172647
bfe039d5-ea80-4224-9562-504235184576,33eba272-53ed-420f-9c57-0b4cc7e20db6,Operations,90,91.1,2025-11-17T20:33:45.172657,2025-11-17T20:33:45.172658
d9987e8d-a057-4e13-9a05-0bb720018d87,33eba272-53ed-420f-9c57-0b4cc7e20db6,Finance,13,87.2,2025-11-17T20:33:45.172664,2025-11-17T20:33:45.172665
7a65dc6b-99b1-43cd-928d-4aa9d3c98084,33eba272-53ed-420f-9c57-0b4cc7e20db6,HR,67,74.7,2025-11-17T20:33:45.172670,2025-11-17T20:33:45.172671
dde3291b-5ae6-483c-b06e-6f99b28e606a,33eba272-53ed-420f-9c57-0b4cc7e20db6,Legal,139,94.2,2025-11-17T20:33:45.172676,2025-11-17T20:33:45.172677
9c04d369-5de3-44f7-9263-09599413bdc2,f34c2c97-575b-493e-b555-137383e5a6ee,Engineering,141,61.6,2025-11-17T20:33:45.193852,2025-11-17T20:33:45.193853
6b0d2e85-bf5f-4224-9bb0-1194259d10b4,f34c2c97-575b-493e-b555-137383e5a6ee,Product,172,72.8,2025-11-17T20:33:45.193863,2025-11-17T20:33:45.193864
bb5e86a4-deab-4ca5-9564-92282fed72c6,f34c2c97-575b-493e-b555-137383e5a6ee,Design,180,92.8,2025-11-17T20:33:45.193873,2025-11-17T20:33:45.193874
b035a935-9dac-499b-8c29-cdf950f9213d,f34c2c97-575b-493e-b555-137383e5a6ee,Marketing,146,61.7,2025-11-17T20:33:45.193886,2025-11-17T20:33:45.193887
f544756d-a432-4897-8abc-71a730f7f164,f34c2c97-575b-493e-b555-137383e5a6ee,Sales,141,69.9,2025-11-17T20:33:45.193893,2025-11-17T20:33:45.193894
c2cf845a-bf44-4514-bc07-156b26d524d6,f34c2c97-575b-493e-b555-137383e5a6ee,Customer Success,127,61.5,2025-11-17T20:33:45.193901,2025-11-17T20:33:45.193902
5b39b32d-b5d0-4dd5-bfae-573209077dd9,f34c2c97-575b-493e-b555-137383e5a6ee,Operations,116,93.0,2025-11-17T20:33:45.193914,2025-11-17T20:33:45.193915
7a2e3610-e591-41d0-a71c-0293f85ced58,f34c2c97-575b-493e-b555-137383e5a6ee,Finance,65,83.4,2025-11-17T20:33:45.193921,2025-11-17T20:33:45.193922
bd103e83-ae26-49dd-86da-878f5a0aa584,f34c2c97-575b-493e-b555-137383e5a6ee,HR,169,73.5,2025-11-17T20:33:45.193928,2025-11-17T20:33:45.193928
3d251303-cfaa-466d-9f7d-ea2025b416ff,f34c2c97-575b-493e-b555-137383e5a6ee,Legal,28,89.5,2025-11-17T20:33:45.193934,2025-11-17T20:33:45.193935
2565015f-aef5-4be5-8f04-81e36718bfb5,052e496c-138d-4d9f-8c6d-bb749aca23ea,Engineering,135,68.3,2025-11-17T20:33:45.230207,2025-11-17T20:33:45.230209
3af52831-0922-415a-ae18-7bc06871cd95,052e496c-138d-4d9f-8c6d-bb749aca23ea,Product,190,69.8,2025-11-17T20:33:45.230216,2025-11-17T20:33:45.230217
423565b9-451a-4c3a-812f-7a74b399ee06,052e496c-138d-4d9f-8c6d-bb749aca23ea,Design,194,88.6,2025-11-17T20:33:45.230231,2025-11-17T20:33:45.230232
b1bd4cec-908d-437a-afb0-79c61d309163,052e496c-138d-4d9f-8c6d-bb749aca23ea,Marketing,115,67.8,2025-11-17T20:33:45.230238,2025-11-17T20:33:45.230239
2e59d1dd-c374-4d55-a682-7fd61b4aad24,052e496c-138d-4d9f-8c6d-bb749aca23ea,Sales,133,65.7,2025-11-17T20:33:45.230245,2025-11-17T20:33:45.230246
beb51e84-593b-465f-acdd-5cb0a1697b5b,052e496c-138d-4d9f-8c6d-bb749aca23ea,Customer Success,123,86.7,2025-11-17T20:33:45.230261,2025-11-17T20:33:45.230262
6c304d75-2077-4809-8d7b-e6d9084f8d98,052e496c-138d-4d9f-8c6d-bb749aca23ea,Operations,179,78.2,2025-11-17T20:33:45.230273,2025-11-17T20:33:45.230274
c5516a2d-1528-4fab-aa07-edd042186163,052e496c-138d-4d9f-8c6d-bb749aca23ea,Finance,35,88.2,2025-11-17T20:33:45.230283,2025-11-17T20:33:45.230284
8bcfed76-3f39-49ce-84db-fff4c09ed55e,052e496c-138d-4d9f-8c6d-bb749aca23ea,HR,30,60.9,2025-11-17T20:33:45.230291,2025-11-17T20:33:45.230292
d0f8460b-4209-451d-a8a0-1b1cbe7ac60f,052e496c-138d-4d9f-8c6d-bb749aca23ea,Legal,141,78.1,2025-11-17T20:33:45.230299,2025-11-17T20:33:45.230300
efeeecda-df7f-47cb-ab49-4cace4dd17f0,0a759a54-93ca-4a16-ad26-fe19f4ef92b8,Engineering,137,65.1,2025-11-17T20:33:45.260784,2025-11-17T20:33:45.260786
14705a89-d6f5-4203-b4b5-75cae06ee2ee,0a759a54-93ca-4a16-ad26-fe19f4ef92b8,Product,133,64.5,2025-11-17T20:33:45.260794,2025-11-17T20:33:45.260794
7439342a-2090-40e4-8ab0-cfede77ce3c1,0a759a54-93ca-4a16-ad26-fe19f4ef92b8,Design,18,71.1,2025-11-17T20:33:45.260812,2025-11-17T20:33:45.260812
4b5b1cb8-4291-47d6-b278-cc2b7a0e160b,0a759a54-93ca-4a16-ad26-fe19f4ef92b8,Marketing,140,64.8,2025-11-17T20:33:45.260829,2025-11-17T20:33:45.260831
e49df13c-22a6-4b0c-8bab-0869811081a6,0a759a54-93ca-4a16-ad26-fe19f4ef92b8,Sales,142,77.0,2025-11-17T20:33:45.260854,2025-11-17T20:33:45.260856
3f8149bf-63e9-4d03-b89d-8e33d24ef2f3,0a759a54-93ca-4a16-ad26-fe19f4ef92b8,Customer Success,60,73.4,2025-11-17T20:33:45.260869,2025-11-17T20:33:45.260870
7e9ba829-de9e-4dee-adda-81bf0b9a27ac,0a759a54-93ca-4a16-ad26-fe19f4ef92b8,Operations,24,79.9,2025-11-17T20:33:45.260877,2025-11-17T20:33:45.260878
62dbb617-42c2-4942-b06b-0fd78d92fc3d,0a759a54-93ca-4a16-ad26-fe19f4ef92b8,Finance,81,61.8,2025-11-17T20:33:45.260884,2025-11-17T20:33:45.260885
37c5cd4f-1b72-4795-9342-9577385065e9,0a759a54-93ca-4a16-ad26-fe19f4ef92b8,HR,118,65.7,2025-11-17T20:33:45.260892,2025-11-17T20:33:45.260893
341e9187-3252-4ceb-bf0b-4771b18d63b6,0a759a54-93ca-4a16-ad26-fe19f4ef92b8,Legal,74,65.9,2025-11-17T20:33:45.260900,2025-11-17T20:33:45.260900
a2fd073f-1ba3-493b-bbde-5480c06a6c0b,59967385-3216-4557-ac57-be74c8e88c10,Engineering,78,73.5,2025-11-17T20:33:45.290494,2025-11-17T20:33:45.290495
3fb8a036-5d4b-4ea9-ab20-c114f8e8d322,59967385-3216-4557-ac57-be74c8e88c10,Product,21,89.8,2025-11-17T20:33:45.290505,2025-11-17T20:33:45.290506
d465b2da-ed6c-4a8d-91d8-44f15686dbcc,59967385-3216-4557-ac57-be74c8e88c10,Design,189,88.5,2025-11-17T20:33:45.290522,2025-11-17T20:33:45.290523
db8673f1-ea35-4569-b321-8a4715d35413,59967385-3216-4557-ac57-be74c8e88c10,Marketing,135,88.8,2025-11-17T20:33:45.290535,2025-11-17T20:33:45.290536
31a6e1f9-e20f-41ab-a04f-2c5a65ec0b7d,59967385-3216-4557-ac57-be74c8e88c10,Sales,69,64.1,2025-11-17T20:33:45.290553,2025-11-17T20:33:45.290554
506f874e-d58b-44d1-b4b5-e2f47acfa5f4,59967385-3216-4557-ac57-be74c8e88c10,Customer Success,24,80.4,2025-11-17T20:33:45.290565,2025-11-17T20:33:45.290566
ffc6cd94-5b60-4352-8e18-7ad14ae4f1de,59967385-3216-4557-ac57-be74c8e88c10,Operations,187,64.0,2025-11-17T20:33:45.290572,2025-11-17T20:33:45.290573
5ae7b74e-2c78-4316-9986-7e7dd161a588,59967385-3216-4557-ac57-be74c8e88c10,Finance,188,75.5,2025-11-17T20:33:45.290578,2025-11-17T20:33:45.290579
c4499c93-0e0e-4d40-85f0-ab03e41a1c22,59967385-3216-4557-ac57-be74c8e88c10,HR,81,69.8,2025-11-17T20:33:45.290585,2025-11-17T20:33:45.290586
ee6286e6-1347-46d5-9437-c5896f841710,59967385-3216-4557-ac57-be74c8e88c10,Legal,81,79.1,2025-11-17T20:33:45.290594,2025-11-17T20:33:45.290595
e2fec8b7-f653-4bce-8fcd-b54c263d591d,dc1aa6c7-7ecf-4639-b748-71fd2c96f958,Engineering,119,78.5,2025-11-17T20:33:45.303909,2025-11-17T20:33:45.303912
816f4f7c-1113-47cb-b9aa-f110ec40397b,dc1aa6c7-7ecf-4639-b748-71fd2c96f958,Product,66,92.8,2025-11-17T20:33:45.303922,2025-11-17T20:33:45.303924
259f7ea1-fa1d-41da-bfef-d72d471bde22,dc1aa6c7-7ecf-4639-b748-71fd2c96f958,Design,91,88.1,2025-11-17T20:33:45.303934,2025-11-17T20:33:45.303935
8681f67a-85bd-4893-b55a-550a1ccef66b,dc1aa6c7-7ecf-4639-b748-71fd2c96f958,Marketing,60,80.1,2025-11-17T20:33:45.303942,2025-11-17T20:33:45.303943
a17f6f80-b757-4b27-bfc3-9aaaad462063,dc1aa6c7-7ecf-4639-b748-71fd2c96f958,Sales,102,81.1,2025-11-17T20:33:45.303950,2025-11-17T20:33:45.303951
686ba5e7-5b6f-43f1-9985-179f8c3abf4e,dc1aa6c7-7ecf-4639-b748-71fd2c96f958,Customer Success,147,77.6,2025-11-17T20:33:45.303959,2025-11-17T20:33:45.303960
55ae15ef-4728-471a-af08-085092270252,dc1aa6c7-7ecf-4639-b748-71fd2c96f958,Operations,148,86.8,2025-11-17T20:33:45.303970,2025-11-17T20:33:45.303971
c2e8a740-f8c7-4acb-87ad-568b566e3a3f,dc1aa6c7-7ecf-4639-b748-71fd2c96f958,Finance,99,79.3,2025-11-17T20:33:45.303976,2025-11-17T20:33:45.303977
13852b82-59bf-41f2-b752-aae03c870681,dc1aa6c7-7ecf-4639-b748-71fd2c96f958,HR,167,75.9,2025-11-17T20:33:45.303989,2025-11-17T20:33:45.303990
9f7efa70-f565-4518-a546-5878ec346713,dc1aa6c7-7ecf-4639-b748-71fd2c96f958,Legal,27,88.1,2025-11-17T20:33:45.303997,2025-11-17T20:33:45.303997
0ec7c5ec-05d0-449f-9235-f79832c1fccd,ff093b7a-4474-4066-a7fc-27323a46e2a1,Engineering,24,91.7,2025-11-17T20:33:45.321593,2025-11-17T20:33:45.321594
d45b69c5-b9e3-4427-81d5-8318141faf81,ff093b7a-4474-4066-a7fc-27323a46e2a1,Product,162,89.5,2025-11-17T20:33:45.321603,2025-11-17T20:33:45.321604
b262ee0d-22e3-469c-8022-7a973df54690,ff093b7a-4474-4066-a7fc-27323a46e2a1,Design,109,89.9,2025-11-17T20:33:45.321611,2025-11-17T20:33:45.321612
13711dab-d94f-44ff-8755-7f14fad11541,ff093b7a-4474-4066-a7fc-27323a46e2a1,Marketing,115,77.5,2025-11-17T20:33:45.321623,2025-11-17T20:33:45.321626
777df548-ddef-4b6e-9acd-be8ff64caf1b,ff093b7a-4474-4066-a7fc-27323a46e2a1,Sales,87,84.6,2025-11-17T20:33:45.321642,2025-11-17T20:33:45.321643
2a9dc8f3-3d95-4349-8726-3f39b6cf128f,ff093b7a-4474-4066-a7fc-27323a46e2a1,Customer Success,88,93.1,2025-11-17T20:33:45.321649,2025-11-17T20:33:45.321650
1ec7660a-14d6-4af6-abb1-d58222fb66ba,ff093b7a-4474-4066-a7fc-27323a46e2a1,Operations,64,94.0,2025-11-17T20:33:45.321656,2025-11-17T20:33:45.321657
f4070543-bd46-44c9-a2e2-33872d6182e6,ff093b7a-4474-4066-a7fc-27323a46e2a1,Finance,60,89.5,2025-11-17T20:33:45.321667,2025-11-17T20:33:45.321668
5bf1f791-6b09-49ad-ad00-f2042822710f,ff093b7a-4474-4066-a7fc-27323a46e2a1,HR,79,71.2,2025-11-17T20:33:45.321673,2025-11-17T20:33:45.321674
5a911c51-6bdc-448b-a91f-426f87e17dd8,ff093b7a-4474-4066-a7fc-27323a46e2a1,Legal,39,91.5,2025-11-17T20:33:45.321680,2025-11-17T20:33:45.321681
84dea519-4981-4c08-ba32-c7268e323259,4fef0c1f-6638-4952-a4a0-ecb0ba379ff3,Engineering,99,66.8,2025-11-17T20:33:45.356363,2025-11-17T20:33:45.356365
ae0b8251-c9ac-4080-a26e-e4f6d69cb24f,4fef0c1f-6638-4952-a4a0-ecb0ba379ff3,Product,128,84.9,2025-11-17T20:33:45.356375,2025-11-17T20:33:45.356375
7ab445ff-83ed-47f4-bbcc-d780868268c9,4fef0c1f-6638-4952-a4a0-ecb0ba379ff3,Design,56,76.9,2025-11-17T20:33:45.356406,2025-11-17T20:33:45.356407
8dc0a389-7d66-4352-b46f-c82773997414,4fef0c1f-6638-4952-a4a0-ecb0ba379ff3,Marketing,127,85.0,2025-11-17T20:33:45.356423,2025-11-17T20:33:45.356424
0ca401fc-3dc8-4d5c-864b-1b0f8de031dc,4fef0c1f-6638-4952-a4a0-ecb0ba379ff3,Sales,111,75.4,2025-11-17T20:33:45.356431,2025-11-17T20:33:45.356432
531d9e77-cbbe-4441-a345-8acf6b2b3d3a,4fef0c1f-6638-4952-a4a0-ecb0ba379ff3,Customer Success,200,80.8,2025-11-17T20:33:45.356443,2025-11-17T20:33:45.356444
69220fae-6485-4e33-a709-11290ee80514,4fef0c1f-6638-4952-a4a0-ecb0ba379ff3,Operations,116,82.1,2025-11-17T20:33:45.356450,2025-11-17T20:33:45.356450
0316e3fd-1418-42ef-8322-fa4da59096e7,4fef0c1f-6638-4952-a4a0-ecb0ba379ff3,Finance,114,63.1,2025-11-17T20:33:45.356460,2025-11-17T20:33:45.356461
d2bfda0b-c6b8-4f91-9e5f-9a0ba056effb,4fef0c1f-6638-4952-a4a0-ecb0ba379ff3,HR,35,77.0,2025-11-17T20:33:45.356469,2025-11-17T20:33:45.356470
d957e6fd-fc68-4de3-b6f8-9365b8806f09,4fef0c1f-6638-4952-a4a0-ecb0ba379ff3,Legal,91,89.0,2025-11-17T20:33:45.356483,2025-11-17T20:33:45.356484
